slice_index,low_density_strut_count,strut_ids
0,0,
1,0,
2,0,
3,0,
4,0,
5,0,
6,0,
7,0,
8,0,
9,0,
10,0,
11,0,
12,0,
13,0,
14,0,
15,0,
16,0,
17,0,
18,0,
19,0,
20,0,
21,0,
22,0,
23,0,
24,1,1765
25,89,882;883;885;907;1101;1104;1105;1109;1128;1321;1322;1323;1324;1325;1329;1333;1347;1348;1367;1463;1480;1487;1490;1541;1542;1544;1545;1549;1564;1565;1567;1568;1573;1577;1587;1635;1659;1664;1683;1688;1692;1700;1707;1708;1709;1710;1712;1716;1741;1761;1764;1765;1769;1783;1789;1790;1792;1793;1805;1815;1820;1821;1825;1833;1843;1848;1871;1876;1892;1899;1904;1908;1927;1932;1933;1936;1956;1957;1958;1959;1960;1961;1964;1986;1987;1989;2005;2011;2015
26,164,1;2;3;4;5;8;13;19;24;26;50;75;221;222;223;224;225;239;244;246;268;269;271;293;317;340;341;367;391;393;442;443;444;445;453;463;464;465;466;469;491;600;609;610;612;616;627;633;635;637;662;664;665;684;685;686;708;820;829;830;832;836;851;855;857;882;883;884;885;889;893;903;905;906;907;908;931;1040;1047;1049;1050;1052;1056;1072;1081;1095;1104;1105;1109;1128;1133;1252;1260;1267;1269;1270;1272;1276;1301;1315;1324;1325;1329;1333;1348;1367;1463;1468;1472;1480;1487;1489;1490;1521;1525;1544;1545;1549;1568;1573;1577;1587;1635;1659;1664;1683;1688;1692;1700;1707;1712;1716;1741;1764;1765;1769;1783;1792;1793;1805;1815;1820;1821;1825;1833;1843;1848;1871;1876;1892;1899;1904;1908;1927;1932;1933;1936;1960;1961;1964;1989;2005;2011;2015
27,150,1;4;5;8;13;19;24;50;75;99;122;123;128;152;160;163;173;176;184;191;193;194;197;204;212;224;225;239;293;317;340;341;365;367;372;380;389;391;392;393;396;407;411;413;417;444;445;453;463;469;600;609;612;616;627;633;637;664;665;820;832;836;851;857;884;885;889;893;903;908;1040;1047;1052;1056;1081;1095;1104;1105;1109;1128;1133;1252;1260;1267;1272;1276;1301;1315;1324;1325;1329;1333;1348;1367;1463;1468;1472;1480;1487;1521;1525;1544;1545;1549;1568;1573;1577;1587;1635;1659;1664;1683;1688;1692;1700;1707;1712;1716;1741;1764;1765;1769;1783;1792;1793;1805;1815;1820;1821;1825;1833;1843;1848;1871;1876;1892;1899;1904;1908;1927;1932;1933;1936;1960;1961;1964;1989;2005;2011;2015
28,130,4;5;8;13;19;128;152;160;163;173;176;184;191;197;204;212;224;225;239;372;380;392;393;396;407;411;417;444;445;453;463;469;600;612;616;627;637;664;665;820;832;836;851;857;884;885;889;893;903;908;1040;1047;1052;1056;1081;1095;1104;1105;1109;1128;1133;1252;1260;1267;1272;1276;1301;1315;1324;1325;1329;1333;1348;1367;1463;1468;1472;1480;1487;1521;1525;1544;1545;1549;1568;1573;1577;1587;1635;1659;1664;1683;1688;1692;1700;1707;1712;1716;1741;1764;1765;1769;1783;1792;1793;1805;1815;1820;1821;1825;1833;1843;1848;1871;1876;1892;1899;1904;1908;1927;1932;1933;1936;1960;1961;1964;1989;2005;2011;2015
29,130,4;5;8;13;19;128;152;160;163;173;176;184;191;197;204;212;224;225;239;372;380;392;393;396;407;411;417;444;445;453;463;469;600;612;616;627;637;664;665;820;832;836;851;857;884;885;889;893;903;908;1040;1047;1052;1056;1081;1095;1104;1105;1109;1128;1133;1252;1260;1267;1272;1276;1301;1315;1324;1325;1329;1333;1348;1367;1463;1468;1472;1480;1487;1521;1525;1544;1545;1549;1568;1573;1577;1587;1635;1659;1664;1683;1688;1692;1700;1707;1712;1716;1741;1764;1765;1769;1783;1792;1793;1805;1815;1820;1821;1825;1833;1843;1848;1871;1876;1892;1899;1904;1908;1927;1932;1933;1936;1960;1961;1964;1989;2005;2011;2015
30,130,4;5;8;13;19;128;152;160;163;173;176;184;191;197;204;212;224;225;239;372;380;392;393;396;407;411;417;444;445;453;463;469;600;612;616;627;637;664;665;820;832;836;851;857;884;885;889;893;903;908;1040;1047;1052;1056;1081;1095;1104;1105;1109;1128;1133;1252;1260;1267;1272;1276;1301;1315;1324;1325;1329;1333;1348;1367;1463;1468;1472;1480;1487;1521;1525;1544;1545;1549;1568;1573;1577;1587;1635;1659;1664;1683;1688;1692;1700;1707;1712;1716;1741;1764;1765;1769;1783;1792;1793;1805;1815;1820;1821;1825;1833;1843;1848;1871;1876;1892;1899;1904;1908;1927;1932;1933;1936;1960;1961;1964;1989;2005;2011;2015
31,130,4;5;8;13;19;128;152;160;163;173;176;184;191;197;204;212;224;225;239;372;380;392;393;396;407;411;417;444;445;453;463;469;600;612;616;627;637;664;665;820;832;836;851;857;884;885;889;893;903;908;1040;1047;1052;1056;1081;1095;1104;1105;1109;1128;1133;1252;1260;1267;1272;1276;1301;1315;1324;1325;1329;1333;1348;1367;1463;1468;1472;1480;1487;1521;1525;1544;1545;1549;1568;1573;1577;1587;1635;1659;1664;1683;1688;1692;1700;1707;1712;1716;1741;1764;1765;1769;1783;1792;1793;1805;1815;1820;1821;1825;1833;1843;1848;1871;1876;1892;1899;1904;1908;1927;1932;1933;1936;1960;1961;1964;1989;2005;2011;2015
32,130,4;5;8;13;19;128;152;160;163;173;176;184;191;197;204;212;224;225;239;372;380;392;393;396;407;411;417;444;445;453;463;469;600;612;616;627;637;664;665;820;832;836;851;857;884;885;889;893;903;908;1040;1047;1052;1056;1081;1095;1104;1105;1109;1128;1133;1252;1260;1267;1272;1276;1301;1315;1324;1325;1329;1333;1348;1367;1463;1468;1472;1480;1487;1521;1525;1544;1545;1549;1568;1573;1577;1587;1635;1659;1664;1683;1688;1692;1700;1707;1712;1716;1741;1764;1765;1769;1783;1792;1793;1805;1815;1820;1821;1825;1833;1843;1848;1871;1876;1892;1899;1904;1908;1927;1932;1933;1936;1960;1961;1964;1989;2005;2011;2015
33,130,4;5;8;13;19;128;152;160;163;173;176;184;191;197;204;212;224;225;239;372;380;392;393;396;407;411;417;444;445;453;463;469;600;612;616;627;637;664;665;820;832;836;851;857;884;885;889;893;903;908;1040;1047;1052;1056;1081;1095;1104;1105;1109;1128;1133;1252;1260;1267;1272;1276;1301;1315;1324;1325;1329;1333;1348;1367;1463;1468;1472;1480;1487;1521;1525;1544;1545;1549;1568;1573;1577;1587;1635;1659;1664;1683;1688;1692;1700;1707;1712;1716;1741;1764;1765;1769;1783;1792;1793;1805;1815;1820;1821;1825;1833;1843;1848;1871;1876;1892;1899;1904;1908;1927;1932;1933;1936;1960;1961;1964;1989;2005;2011;2015
34,130,4;5;8;13;19;128;152;160;163;173;176;184;191;197;204;212;224;225;239;372;380;392;393;396;407;411;417;444;445;453;463;469;600;612;616;627;637;664;665;820;832;836;851;857;884;885;889;893;903;908;1040;1047;1052;1056;1081;1095;1104;1105;1109;1128;1133;1252;1260;1267;1272;1276;1301;1315;1324;1325;1329;1333;1348;1367;1463;1468;1472;1480;1487;1521;1525;1544;1545;1549;1568;1573;1577;1587;1635;1659;1664;1683;1688;1692;1700;1707;1712;1716;1741;1764;1765;1769;1783;1792;1793;1805;1815;1820;1821;1825;1833;1843;1848;1871;1876;1892;1899;1904;1908;1927;1932;1933;1936;1960;1961;1964;1989;2005;2011;2015
35,130,4;5;8;13;19;128;152;160;163;173;176;184;191;197;204;212;224;225;239;372;380;392;393;396;407;411;417;444;445;453;463;469;600;612;616;627;637;664;665;820;832;836;851;857;884;885;889;893;903;908;1040;1047;1052;1056;1081;1095;1104;1105;1109;1128;1133;1252;1260;1267;1272;1276;1301;1315;1324;1325;1329;1333;1348;1367;1463;1468;1472;1480;1487;1521;1525;1544;1545;1549;1568;1573;1577;1587;1635;1659;1664;1683;1688;1692;1700;1707;1712;1716;1741;1764;1765;1769;1783;1792;1793;1805;1815;1820;1821;1825;1833;1843;1848;1871;1876;1892;1899;1904;1908;1927;1932;1933;1936;1960;1961;1964;1989;2005;2011;2015
36,130,4;5;8;13;19;128;152;160;163;173;176;184;191;197;204;212;224;225;239;372;380;392;393;396;407;411;417;444;445;453;463;469;600;612;616;627;637;664;665;820;832;836;851;857;884;885;889;893;903;908;1040;1047;1052;1056;1081;1095;1104;1105;1109;1128;1133;1252;1260;1267;1272;1276;1301;1315;1324;1325;1329;1333;1348;1367;1463;1468;1472;1480;1487;1521;1525;1544;1545;1549;1568;1573;1577;1587;1635;1659;1664;1683;1688;1692;1700;1707;1712;1716;1741;1764;1765;1769;1783;1792;1793;1805;1815;1820;1821;1825;1833;1843;1848;1871;1876;1892;1899;1904;1908;1927;1932;1933;1936;1960;1961;1964;1989;2005;2011;2015
37,130,4;5;8;13;19;128;152;160;163;173;176;184;191;197;204;212;224;225;239;372;380;392;393;396;407;411;417;444;445;453;463;469;600;612;616;627;637;664;665;820;832;836;851;857;884;885;889;893;903;908;1040;1047;1052;1056;1081;1095;1104;1105;1109;1128;1133;1252;1260;1267;1272;1276;1301;1315;1324;1325;1329;1333;1348;1367;1463;1468;1472;1480;1487;1521;1525;1544;1545;1549;1568;1573;1577;1587;1635;1659;1664;1683;1688;1692;1700;1707;1712;1716;1741;1764;1765;1769;1783;1792;1793;1805;1815;1820;1821;1825;1833;1843;1848;1871;1876;1892;1899;1904;1908;1927;1932;1933;1936;1960;1961;1964;1989;2005;2011;2015
38,130,4;5;8;13;19;128;152;160;163;173;176;184;191;197;204;212;224;225;239;372;380;392;393;396;407;411;417;444;445;453;463;469;600;612;616;627;637;664;665;820;832;836;851;857;884;885;889;893;903;908;1040;1047;1052;1056;1081;1095;1104;1105;1109;1128;1133;1252;1260;1267;1272;1276;1301;1315;1324;1325;1329;1333;1348;1367;1463;1468;1472;1480;1487;1521;1525;1544;1545;1549;1568;1573;1577;1587;1635;1659;1664;1683;1688;1692;1700;1707;1712;1716;1741;1764;1765;1769;1783;1792;1793;1805;1815;1820;1821;1825;1833;1843;1848;1871;1876;1892;1899;1904;1908;1927;1932;1933;1936;1960;1961;1964;1989;2005;2011;2015
39,130,4;5;8;13;19;128;152;160;163;173;176;184;191;197;204;212;224;225;239;372;380;392;393;396;407;411;417;444;445;453;463;469;600;612;616;627;637;664;665;820;832;836;851;857;884;885;889;893;903;908;1040;1047;1052;1056;1081;1095;1104;1105;1109;1128;1133;1252;1260;1267;1272;1276;1301;1315;1324;1325;1329;1333;1348;1367;1463;1468;1472;1480;1487;1521;1525;1544;1545;1549;1568;1573;1577;1587;1635;1659;1664;1683;1688;1692;1700;1707;1712;1716;1741;1764;1765;1769;1783;1792;1793;1805;1815;1820;1821;1825;1833;1843;1848;1871;1876;1892;1899;1904;1908;1927;1932;1933;1936;1960;1961;1964;1989;2005;2011;2015
40,130,4;5;8;13;19;128;152;160;163;173;176;184;191;197;204;212;224;225;239;372;380;392;393;396;407;411;417;444;445;453;463;469;600;612;616;627;637;664;665;820;832;836;851;857;884;885;889;893;903;908;1040;1047;1052;1056;1081;1095;1104;1105;1109;1128;1133;1252;1260;1267;1272;1276;1301;1315;1324;1325;1329;1333;1348;1367;1463;1468;1472;1480;1487;1521;1525;1544;1545;1549;1568;1573;1577;1587;1635;1659;1664;1683;1688;1692;1700;1707;1712;1716;1741;1764;1765;1769;1783;1792;1793;1805;1815;1820;1821;1825;1833;1843;1848;1871;1876;1892;1899;1904;1908;1927;1932;1933;1936;1960;1961;1964;1989;2005;2011;2015
41,130,4;5;8;13;19;128;152;160;163;173;176;184;191;197;204;212;224;225;239;372;380;392;393;396;407;411;417;444;445;453;463;469;600;612;616;627;637;664;665;820;832;836;851;857;884;885;889;893;903;908;1040;1047;1052;1056;1081;1095;1104;1105;1109;1128;1133;1252;1260;1267;1272;1276;1301;1315;1324;1325;1329;1333;1348;1367;1463;1468;1472;1480;1487;1521;1525;1544;1545;1549;1568;1573;1577;1587;1635;1659;1664;1683;1688;1692;1700;1707;1712;1716;1741;1764;1765;1769;1783;1792;1793;1805;1815;1820;1821;1825;1833;1843;1848;1871;1876;1892;1899;1904;1908;1927;1932;1933;1936;1960;1961;1964;1989;2005;2011;2015
42,130,4;5;8;13;19;128;152;160;163;173;176;184;191;197;204;212;224;225;239;372;380;392;393;396;407;411;417;444;445;453;463;469;600;612;616;627;637;664;665;820;832;836;851;857;884;885;889;893;903;908;1040;1047;1052;1056;1081;1095;1104;1105;1109;1128;1133;1252;1260;1267;1272;1276;1301;1315;1324;1325;1329;1333;1348;1367;1463;1468;1472;1480;1487;1521;1525;1544;1545;1549;1568;1573;1577;1587;1635;1659;1664;1683;1688;1692;1700;1707;1712;1716;1741;1764;1765;1769;1783;1792;1793;1805;1815;1820;1821;1825;1833;1843;1848;1871;1876;1892;1899;1904;1908;1927;1932;1933;1936;1960;1961;1964;1989;2005;2011;2015
43,130,4;5;8;13;19;128;152;160;163;173;176;184;191;197;204;212;224;225;239;372;380;392;393;396;407;411;417;444;445;453;463;469;600;612;616;627;637;664;665;820;832;836;851;857;884;885;889;893;903;908;1040;1047;1052;1056;1081;1095;1104;1105;1109;1128;1133;1252;1260;1267;1272;1276;1301;1315;1324;1325;1329;1333;1348;1367;1463;1468;1472;1480;1487;1521;1525;1544;1545;1549;1568;1573;1577;1587;1635;1659;1664;1683;1688;1692;1700;1707;1712;1716;1741;1764;1765;1769;1783;1792;1793;1805;1815;1820;1821;1825;1833;1843;1848;1871;1876;1892;1899;1904;1908;1927;1932;1933;1936;1960;1961;1964;1989;2005;2011;2015
44,130,4;5;8;13;19;128;152;160;163;173;176;184;191;197;204;212;224;225;239;372;380;392;393;396;407;411;417;444;445;453;463;469;600;612;616;627;637;664;665;820;832;836;851;857;884;885;889;893;903;908;1040;1047;1052;1056;1081;1095;1104;1105;1109;1128;1133;1252;1260;1267;1272;1276;1301;1315;1324;1325;1329;1333;1348;1367;1463;1468;1472;1480;1487;1521;1525;1544;1545;1549;1568;1573;1577;1587;1635;1659;1664;1683;1688;1692;1700;1707;1712;1716;1741;1764;1765;1769;1783;1792;1793;1805;1815;1820;1821;1825;1833;1843;1848;1871;1876;1892;1899;1904;1908;1927;1932;1933;1936;1960;1961;1964;1989;2005;2011;2015
45,130,4;5;8;13;19;128;152;160;163;173;176;184;191;197;204;212;224;225;239;372;380;392;393;396;407;411;417;444;445;453;463;469;600;612;616;627;637;664;665;820;832;836;851;857;884;885;889;893;903;908;1040;1047;1052;1056;1081;1095;1104;1105;1109;1128;1133;1252;1260;1267;1272;1276;1301;1315;1324;1325;1329;1333;1348;1367;1463;1468;1472;1480;1487;1521;1525;1544;1545;1549;1568;1573;1577;1587;1635;1659;1664;1683;1688;1692;1700;1707;1712;1716;1741;1764;1765;1769;1783;1792;1793;1805;1815;1820;1821;1825;1833;1843;1848;1871;1876;1892;1899;1904;1908;1927;1932;1933;1936;1960;1961;1964;1989;2005;2011;2015
46,130,4;5;8;13;19;128;152;160;163;173;176;184;191;197;204;212;224;225;239;372;380;392;393;396;407;411;417;444;445;453;463;469;600;612;616;627;637;664;665;820;832;836;851;857;884;885;889;893;903;908;1040;1047;1052;1056;1081;1095;1104;1105;1109;1128;1133;1252;1260;1267;1272;1276;1301;1315;1324;1325;1329;1333;1348;1367;1463;1468;1472;1480;1487;1521;1525;1544;1545;1549;1568;1573;1577;1587;1635;1659;1664;1683;1688;1692;1700;1707;1712;1716;1741;1764;1765;1769;1783;1792;1793;1805;1815;1820;1821;1825;1833;1843;1848;1871;1876;1892;1899;1904;1908;1927;1932;1933;1936;1960;1961;1964;1989;2005;2011;2015
47,130,4;5;8;13;19;128;152;160;163;173;176;184;191;197;204;212;224;225;239;372;380;392;393;396;407;411;417;444;445;453;463;469;600;612;616;627;637;664;665;820;832;836;851;857;884;885;889;893;903;908;1040;1047;1052;1056;1081;1095;1104;1105;1109;1128;1133;1252;1260;1267;1272;1276;1301;1315;1324;1325;1329;1333;1348;1367;1463;1468;1472;1480;1487;1521;1525;1544;1545;1549;1568;1573;1577;1587;1635;1659;1664;1683;1688;1692;1700;1707;1712;1716;1741;1764;1765;1769;1783;1792;1793;1805;1815;1820;1821;1825;1833;1843;1848;1871;1876;1892;1899;1904;1908;1927;1932;1933;1936;1960;1961;1964;1989;2005;2011;2015
48,130,4;5;8;13;19;128;152;160;163;173;176;184;191;197;204;212;224;225;239;372;380;392;393;396;407;411;417;444;445;453;463;469;600;612;616;627;637;664;665;820;832;836;851;857;884;885;889;893;903;908;1040;1047;1052;1056;1081;1095;1104;1105;1109;1128;1133;1252;1260;1267;1272;1276;1301;1315;1324;1325;1329;1333;1348;1367;1463;1468;1472;1480;1487;1521;1525;1544;1545;1549;1568;1573;1577;1587;1635;1659;1664;1683;1688;1692;1700;1707;1712;1716;1741;1764;1765;1769;1783;1792;1793;1805;1815;1820;1821;1825;1833;1843;1848;1871;1876;1892;1899;1904;1908;1927;1932;1933;1936;1960;1961;1964;1989;2005;2011;2015
49,130,4;5;8;13;19;128;152;160;163;173;176;184;191;197;204;212;224;225;239;372;380;392;393;396;407;411;417;444;445;453;463;469;600;612;616;627;637;664;665;820;832;836;851;857;884;885;889;893;903;908;1040;1047;1052;1056;1081;1095;1104;1105;1109;1128;1133;1252;1260;1267;1272;1276;1301;1315;1324;1325;1329;1333;1348;1367;1463;1468;1472;1480;1487;1521;1525;1544;1545;1549;1568;1573;1577;1587;1635;1659;1664;1683;1688;1692;1700;1707;1712;1716;1741;1764;1765;1769;1783;1792;1793;1805;1815;1820;1821;1825;1833;1843;1848;1871;1876;1892;1899;1904;1908;1927;1932;1933;1936;1960;1961;1964;1989;2005;2011;2015
50,130,4;5;8;13;19;128;152;160;163;173;176;184;191;197;204;212;224;225;239;372;380;392;393;396;407;411;417;444;445;453;463;469;600;612;616;627;637;664;665;820;832;836;851;857;884;885;889;893;903;908;1040;1047;1052;1056;1081;1095;1104;1105;1109;1128;1133;1252;1260;1267;1272;1276;1301;1315;1324;1325;1329;1333;1348;1367;1463;1468;1472;1480;1487;1521;1525;1544;1545;1549;1568;1573;1577;1587;1635;1659;1664;1683;1688;1692;1700;1707;1712;1716;1741;1764;1765;1769;1783;1792;1793;1805;1815;1820;1821;1825;1833;1843;1848;1871;1876;1892;1899;1904;1908;1927;1932;1933;1936;1960;1961;1964;1989;2005;2011;2015
51,130,4;5;8;13;19;128;152;160;163;173;176;184;191;197;204;212;224;225;239;372;380;392;393;396;407;411;417;444;445;453;463;469;600;612;616;627;637;664;665;820;832;836;851;857;884;885;889;893;903;908;1040;1047;1052;1056;1081;1095;1104;1105;1109;1128;1133;1252;1260;1267;1272;1276;1301;1315;1324;1325;1329;1333;1348;1367;1463;1468;1472;1480;1487;1521;1525;1544;1545;1549;1568;1573;1577;1587;1635;1659;1664;1683;1688;1692;1700;1707;1712;1716;1741;1764;1765;1769;1783;1792;1793;1805;1815;1820;1821;1825;1833;1843;1848;1871;1876;1892;1899;1904;1908;1927;1932;1933;1936;1960;1961;1964;1989;2005;2011;2015
52,130,4;5;8;13;19;128;152;160;163;173;176;184;191;197;204;212;224;225;239;372;380;392;393;396;407;411;417;444;445;453;463;469;600;612;616;627;637;664;665;820;832;836;851;857;884;885;889;893;903;908;1040;1047;1052;1056;1081;1095;1104;1105;1109;1128;1133;1252;1260;1267;1272;1276;1301;1315;1324;1325;1329;1333;1348;1367;1463;1468;1472;1480;1487;1521;1525;1544;1545;1549;1568;1573;1577;1587;1635;1659;1664;1683;1688;1692;1700;1707;1712;1716;1741;1764;1765;1769;1783;1792;1793;1805;1815;1820;1821;1825;1833;1843;1848;1871;1876;1892;1899;1904;1908;1927;1932;1933;1936;1960;1961;1964;1989;2005;2011;2015
53,130,4;5;8;13;19;128;152;160;163;173;176;184;191;197;204;212;224;225;239;372;380;392;393;396;407;411;417;444;445;453;463;469;600;612;616;627;637;664;665;820;832;836;851;857;884;885;889;893;903;908;1040;1047;1052;1056;1081;1095;1104;1105;1109;1128;1133;1252;1260;1267;1272;1276;1301;1315;1324;1325;1329;1333;1348;1367;1463;1468;1472;1480;1487;1521;1525;1544;1545;1549;1568;1573;1577;1587;1635;1659;1664;1683;1688;1692;1700;1707;1712;1716;1741;1764;1765;1769;1783;1792;1793;1805;1815;1820;1821;1825;1833;1843;1848;1871;1876;1892;1899;1904;1908;1927;1932;1933;1936;1960;1961;1964;1989;2005;2011;2015
54,130,4;5;8;13;19;128;152;160;163;173;176;184;191;197;204;212;224;225;239;372;380;392;393;396;407;411;417;444;445;453;463;469;600;612;616;627;637;664;665;820;832;836;851;857;884;885;889;893;903;908;1040;1047;1052;1056;1081;1095;1104;1105;1109;1128;1133;1252;1260;1267;1272;1276;1301;1315;1324;1325;1329;1333;1348;1367;1463;1468;1472;1480;1487;1521;1525;1544;1545;1549;1568;1573;1577;1587;1635;1659;1664;1683;1688;1692;1700;1707;1712;1716;1741;1764;1765;1769;1783;1792;1793;1805;1815;1820;1821;1825;1833;1843;1848;1871;1876;1892;1899;1904;1908;1927;1932;1933;1936;1960;1961;1964;1989;2005;2011;2015
55,130,4;5;8;13;19;128;152;160;163;173;176;184;191;197;204;212;224;225;239;372;380;392;393;396;407;411;417;444;445;453;463;469;600;612;616;627;637;664;665;820;832;836;851;857;884;885;889;893;903;908;1040;1047;1052;1056;1081;1095;1104;1105;1109;1128;1133;1252;1260;1267;1272;1276;1301;1315;1324;1325;1329;1333;1348;1367;1463;1468;1472;1480;1487;1521;1525;1544;1545;1549;1568;1573;1577;1587;1635;1659;1664;1683;1688;1692;1700;1707;1712;1716;1741;1764;1765;1769;1783;1792;1793;1805;1815;1820;1821;1825;1833;1843;1848;1871;1876;1892;1899;1904;1908;1927;1932;1933;1936;1960;1961;1964;1989;2005;2011;2015
56,130,4;5;8;13;19;128;152;160;163;173;176;184;191;197;204;212;224;225;239;372;380;392;393;396;407;411;417;444;445;453;463;469;600;612;616;627;637;664;665;820;832;836;851;857;884;885;889;893;903;908;1040;1047;1052;1056;1081;1095;1104;1105;1109;1128;1133;1252;1260;1267;1272;1276;1301;1315;1324;1325;1329;1333;1348;1367;1463;1468;1472;1480;1487;1521;1525;1544;1545;1549;1568;1573;1577;1587;1635;1659;1664;1683;1688;1692;1700;1707;1712;1716;1741;1764;1765;1769;1783;1792;1793;1805;1815;1820;1821;1825;1833;1843;1848;1871;1876;1892;1899;1904;1908;1927;1932;1933;1936;1960;1961;1964;1989;2005;2011;2015
57,130,4;5;8;13;19;128;152;160;163;173;176;184;191;197;204;212;224;225;239;372;380;392;393;396;407;411;417;444;445;453;463;469;600;612;616;627;637;664;665;820;832;836;851;857;884;885;889;893;903;908;1040;1047;1052;1056;1081;1095;1104;1105;1109;1128;1133;1252;1260;1267;1272;1276;1301;1315;1324;1325;1329;1333;1348;1367;1463;1468;1472;1480;1487;1521;1525;1544;1545;1549;1568;1573;1577;1587;1635;1659;1664;1683;1688;1692;1700;1707;1712;1716;1741;1764;1765;1769;1783;1792;1793;1805;1815;1820;1821;1825;1833;1843;1848;1871;1876;1892;1899;1904;1908;1927;1932;1933;1936;1960;1961;1964;1989;2005;2011;2015
58,130,4;5;8;13;19;128;152;160;163;173;176;184;191;197;204;212;224;225;239;372;380;392;393;396;407;411;417;444;445;453;463;469;600;612;616;627;637;664;665;820;832;836;851;857;884;885;889;893;903;908;1040;1047;1052;1056;1081;1095;1104;1105;1109;1128;1133;1252;1260;1267;1272;1276;1301;1315;1324;1325;1329;1333;1348;1367;1463;1468;1472;1480;1487;1521;1525;1544;1545;1549;1568;1573;1577;1587;1635;1659;1664;1683;1688;1692;1700;1707;1712;1716;1741;1764;1765;1769;1783;1792;1793;1805;1815;1820;1821;1825;1833;1843;1848;1871;1876;1892;1899;1904;1908;1927;1932;1933;1936;1960;1961;1964;1989;2005;2011;2015
59,130,4;5;8;13;19;128;152;160;163;173;176;184;191;197;204;212;224;225;239;372;380;392;393;396;407;411;417;444;445;453;463;469;600;612;616;627;637;664;665;820;832;836;851;857;884;885;889;893;903;908;1040;1047;1052;1056;1081;1095;1104;1105;1109;1128;1133;1252;1260;1267;1272;1276;1301;1315;1324;1325;1329;1333;1348;1367;1463;1468;1472;1480;1487;1521;1525;1544;1545;1549;1568;1573;1577;1587;1635;1659;1664;1683;1688;1692;1700;1707;1712;1716;1741;1764;1765;1769;1783;1792;1793;1805;1815;1820;1821;1825;1833;1843;1848;1871;1876;1892;1899;1904;1908;1927;1932;1933;1936;1960;1961;1964;1989;2005;2011;2015
60,130,4;5;8;13;19;128;152;160;163;173;176;184;191;197;204;212;224;225;239;372;380;392;393;396;407;411;417;444;445;453;463;469;600;612;616;627;637;664;665;820;832;836;851;857;884;885;889;893;903;908;1040;1047;1052;1056;1081;1095;1104;1105;1109;1128;1133;1252;1260;1267;1272;1276;1301;1315;1324;1325;1329;1333;1348;1367;1463;1468;1472;1480;1487;1521;1525;1544;1545;1549;1568;1573;1577;1587;1635;1659;1664;1683;1688;1692;1700;1707;1712;1716;1741;1764;1765;1769;1783;1792;1793;1805;1815;1820;1821;1825;1833;1843;1848;1871;1876;1892;1899;1904;1908;1927;1932;1933;1936;1960;1961;1964;1989;2005;2011;2015
61,130,4;5;8;13;19;128;152;160;163;173;176;184;191;197;204;212;224;225;239;372;380;392;393;396;407;411;417;444;445;453;463;469;600;612;616;627;637;664;665;820;832;836;851;857;884;885;889;893;903;908;1040;1047;1052;1056;1081;1095;1104;1105;1109;1128;1133;1252;1260;1267;1272;1276;1301;1315;1324;1325;1329;1333;1348;1367;1463;1468;1472;1480;1487;1521;1525;1544;1545;1549;1568;1573;1577;1587;1635;1659;1664;1683;1688;1692;1700;1707;1712;1716;1741;1764;1765;1769;1783;1792;1793;1805;1815;1820;1821;1825;1833;1843;1848;1871;1876;1892;1899;1904;1908;1927;1932;1933;1936;1960;1961;1964;1989;2005;2011;2015
62,130,4;5;8;13;19;128;152;160;163;173;176;184;191;197;204;212;224;225;239;372;380;392;393;396;407;411;417;444;445;453;463;469;600;612;616;627;637;664;665;820;832;836;851;857;884;885;889;893;903;908;1040;1047;1052;1056;1081;1095;1104;1105;1109;1128;1133;1252;1260;1267;1272;1276;1301;1315;1324;1325;1329;1333;1348;1367;1463;1468;1472;1480;1487;1521;1525;1544;1545;1549;1568;1573;1577;1587;1635;1659;1664;1683;1688;1692;1700;1707;1712;1716;1741;1764;1765;1769;1783;1792;1793;1805;1815;1820;1821;1825;1833;1843;1848;1871;1876;1892;1899;1904;1908;1927;1932;1933;1936;1960;1961;1964;1989;2005;2011;2015
63,130,4;5;8;13;19;128;152;160;163;173;176;184;191;197;204;212;224;225;239;372;380;392;393;396;407;411;417;444;445;453;463;469;600;612;616;627;637;664;665;820;832;836;851;857;884;885;889;893;903;908;1040;1047;1052;1056;1081;1095;1104;1105;1109;1128;1133;1252;1260;1267;1272;1276;1301;1315;1324;1325;1329;1333;1348;1367;1463;1468;1472;1480;1487;1521;1525;1544;1545;1549;1568;1573;1577;1587;1635;1659;1664;1683;1688;1692;1700;1707;1712;1716;1741;1764;1765;1769;1783;1792;1793;1805;1815;1820;1821;1825;1833;1843;1848;1871;1876;1892;1899;1904;1908;1927;1932;1933;1936;1960;1961;1964;1989;2005;2011;2015
64,178,4;5;8;13;19;128;152;160;163;173;176;184;191;197;204;212;224;225;239;372;380;392;393;396;407;411;417;444;445;453;463;469;600;612;616;627;637;664;665;820;832;836;851;857;884;885;889;893;903;908;1040;1047;1052;1056;1081;1095;1104;1105;1109;1128;1133;1252;1260;1267;1272;1276;1301;1315;1324;1325;1329;1333;1334;1348;1367;1463;1468;1472;1480;1487;1521;1525;1544;1545;1549;1550;1554;1555;1557;1560;1568;1573;1577;1578;1579;1581;1587;1602;1603;1605;1626;1629;1635;1653;1659;1664;1683;1688;1692;1700;1707;1712;1716;1741;1764;1765;1766;1769;1770;1778;1779;1781;1783;1784;1786;1792;1793;1805;1806;1807;1809;1812;1815;1820;1821;1825;1833;1834;1835;1837;1840;1843;1848;1862;1863;1865;1868;1871;1876;1890;1891;1892;1893;1896;1899;1904;1908;1918;1919;1921;1924;1927;1932;1933;1934;1936;1944;1946;1947;1960;1961;1964;1974;1982;1989;2005;2011;2015
65,220,4;5;8;13;19;128;152;160;163;173;176;184;191;197;204;212;224;225;239;372;380;392;393;396;407;411;417;444;445;446;453;463;469;600;612;616;627;637;664;665;666;674;752;770;773;794;797;820;832;836;851;857;884;885;886;889;893;903;908;990;991;993;996;1014;1015;1017;1020;1036;1038;1039;1040;1044;1047;1052;1054;1056;1060;1062;1068;1079;1081;1095;1098;1104;1105;1106;1107;1109;1110;1114;1128;1133;1211;1213;1216;1234;1235;1237;1240;1252;1255;1256;1258;1260;1264;1265;1267;1272;1274;1276;1280;1282;1288;1301;1302;1308;1315;1316;1318;1324;1325;1329;1330;1333;1334;1341;1348;1367;1431;1436;1451;1455;1457;1460;1463;1468;1472;1476;1478;1479;1480;1484;1487;1494;1500;1502;1508;1509;1521;1522;1525;1530;1536;1550;1573;1579;1603;1605;1626;1629;1653;1664;1666;1674;1675;1677;1680;1683;1688;1692;1695;1698;1699;1700;1704;1705;1707;1712;1714;1716;1720;1722;1728;1729;1741;1742;1750;1756;1766;1770;1786;1908;1911;1919;1924;1925;1934;1936;1944;1947;1952;1953;1960;1961;1962;1964;1972;1974;1980;1981;1982;1989;1994;2005;2006;2009;2011;2012;2014;2015
66,172,4;5;8;13;19;128;134;140;152;155;156;158;160;161;163;164;166;173;176;179;180;182;183;184;188;189;190;191;197;198;199;204;208;210;212;214;216;224;225;226;239;351;354;372;375;376;378;380;381;384;392;393;394;395;396;402;407;409;410;411;417;422;430;436;438;446;574;577;580;595;596;598;599;600;604;606;612;614;615;616;619;620;622;627;628;630;637;639;650;656;666;752;773;792;794;797;815;816;818;820;821;824;832;834;836;842;843;848;849;851;857;859;870;876;878;886;1035;1036;1039;1044;1054;1056;1060;1068;1069;1079;1081;1082;1095;1096;1098;1106;1107;1110;1255;1256;1265;1274;1280;1302;1308;1318;1330;1341;1451;1476;1494;1500;1509;1522;1550;1666;1695;1705;1714;1720;1729;1742;1766;1770;1786;1911;1925;1934;1944;1953;1962;1972;1981;1982;1994;2014
67,92,155;156;166;179;180;189;190;198;199;204;208;214;216;217;226;351;375;376;394;395;409;410;422;438;446;595;596;606;614;615;619;620;630;639;666;792;815;816;834;849;859;878;886;1035;1036;1054;1060;1069;1079;1082;1098;1106;1107;1110;1255;1256;1265;1274;1280;1302;1308;1318;1330;1341;1451;1476;1494;1500;1509;1522;1550;1666;1695;1705;1714;1720;1729;1742;1766;1770;1786;1911;1925;1934;1944;1953;1962;1972;1981;1982;1994;2014
68,90,155;156;166;179;180;189;190;198;199;208;214;217;226;351;375;376;394;395;409;410;422;438;446;595;596;606;614;615;619;620;630;639;666;792;815;816;834;849;859;878;886;1035;1036;1054;1060;1069;1079;1082;1098;1106;1107;1110;1255;1256;1265;1274;1280;1302;1308;1318;1330;1341;1451;1476;1494;1500;1509;1522;1550;1666;1695;1705;1714;1720;1729;1742;1766;1770;1786;1911;1925;1934;1944;1953;1962;1972;1981;1982;1994;2014
69,90,155;156;166;179;180;189;190;198;199;208;214;217;226;351;375;376;394;395;409;410;422;438;446;595;596;606;614;615;619;620;630;639;666;792;815;816;834;849;859;878;886;1035;1036;1054;1060;1069;1079;1082;1098;1106;1107;1110;1255;1256;1265;1274;1280;1302;1308;1318;1330;1341;1451;1476;1494;1500;1509;1522;1550;1666;1695;1705;1714;1720;1729;1742;1766;1770;1786;1911;1925;1934;1944;1953;1962;1972;1981;1982;1994;2014
70,90,155;156;166;179;180;189;190;198;199;208;214;217;226;351;375;376;394;395;409;410;422;438;446;595;596;606;614;615;619;620;630;639;666;792;815;816;834;849;859;878;886;1035;1036;1054;1060;1069;1079;1082;1098;1106;1107;1110;1255;1256;1265;1274;1280;1302;1308;1318;1330;1341;1451;1476;1494;1500;1509;1522;1550;1666;1695;1705;1714;1720;1729;1742;1766;1770;1786;1911;1925;1934;1944;1953;1962;1972;1981;1982;1994;2014
71,90,155;156;166;179;180;189;190;198;199;208;214;217;226;351;375;376;394;395;409;410;422;438;446;595;596;606;614;615;619;620;630;639;666;792;815;816;834;849;859;878;886;1035;1036;1054;1060;1069;1079;1082;1098;1106;1107;1110;1255;1256;1265;1274;1280;1302;1308;1318;1330;1341;1451;1476;1494;1500;1509;1522;1550;1666;1695;1705;1714;1720;1729;1742;1766;1770;1786;1911;1925;1934;1944;1953;1962;1972;1981;1982;1994;2014
72,90,155;156;166;179;180;189;190;198;199;208;214;217;226;351;375;376;394;395;409;410;422;438;446;595;596;606;614;615;619;620;630;639;666;792;815;816;834;849;859;878;886;1035;1036;1054;1060;1069;1079;1082;1098;1106;1107;1110;1255;1256;1265;1274;1280;1302;1308;1318;1330;1341;1451;1476;1494;1500;1509;1522;1550;1666;1695;1705;1714;1720;1729;1742;1766;1770;1786;1911;1925;1934;1944;1953;1962;1972;1981;1982;1994;2014
73,90,155;156;166;179;180;189;190;198;199;208;214;217;226;351;375;376;394;395;409;410;422;438;446;595;596;606;614;615;619;620;630;639;666;792;815;816;834;849;859;878;886;1035;1036;1054;1060;1069;1079;1082;1098;1106;1107;1110;1255;1256;1265;1274;1280;1302;1308;1318;1330;1341;1451;1476;1494;1500;1509;1522;1550;1666;1695;1705;1714;1720;1729;1742;1766;1770;1786;1911;1925;1934;1944;1953;1962;1972;1981;1982;1994;2014
74,90,155;156;166;179;180;189;190;198;199;208;214;217;226;351;375;376;394;395;409;410;422;438;446;595;596;606;614;615;619;620;630;639;666;792;815;816;834;849;859;878;886;1035;1036;1054;1060;1069;1079;1082;1098;1106;1107;1110;1255;1256;1265;1274;1280;1302;1308;1318;1330;1341;1451;1476;1494;1500;1509;1522;1550;1666;1695;1705;1714;1720;1729;1742;1766;1770;1786;1911;1925;1934;1944;1953;1962;1972;1981;1982;1994;2014
75,90,155;156;166;179;180;189;190;198;199;208;214;217;226;351;375;376;394;395;409;410;422;438;446;595;596;606;614;615;619;620;630;639;666;792;815;816;834;849;859;878;886;1035;1036;1054;1060;1069;1079;1082;1098;1106;1107;1110;1255;1256;1265;1274;1280;1302;1308;1318;1330;1341;1451;1476;1494;1500;1509;1522;1550;1666;1695;1705;1714;1720;1729;1742;1766;1770;1786;1911;1925;1934;1944;1953;1962;1972;1981;1982;1994;2014
76,90,155;156;166;179;180;189;190;198;199;208;214;217;226;351;375;376;394;395;409;410;422;438;446;595;596;606;614;615;619;620;630;639;666;792;815;816;834;849;859;878;886;1035;1036;1054;1060;1069;1079;1082;1098;1106;1107;1110;1255;1256;1265;1274;1280;1302;1308;1318;1330;1341;1451;1476;1494;1500;1509;1522;1550;1666;1695;1705;1714;1720;1729;1742;1766;1770;1786;1911;1925;1934;1944;1953;1962;1972;1981;1982;1994;2014
77,90,155;156;166;179;180;189;190;198;199;208;214;217;226;351;375;376;394;395;409;410;422;438;446;595;596;606;614;615;619;620;630;639;666;792;815;816;834;849;859;878;886;1035;1036;1054;1060;1069;1079;1082;1098;1106;1107;1110;1255;1256;1265;1274;1280;1302;1308;1318;1330;1341;1451;1476;1494;1500;1509;1522;1550;1666;1695;1705;1714;1720;1729;1742;1766;1770;1786;1911;1925;1934;1944;1953;1962;1972;1981;1982;1994;2014
78,90,155;156;166;179;180;189;190;198;199;208;214;217;226;351;375;376;394;395;409;410;422;438;446;595;596;606;614;615;619;620;630;639;666;792;815;816;834;849;859;878;886;1035;1036;1054;1060;1069;1079;1082;1098;1106;1107;1110;1255;1256;1265;1274;1280;1302;1308;1318;1330;1341;1451;1476;1494;1500;1509;1522;1550;1666;1695;1705;1714;1720;1729;1742;1766;1770;1786;1911;1925;1934;1944;1953;1962;1972;1981;1982;1994;2014
79,90,155;156;166;179;180;189;190;198;199;208;214;217;226;351;375;376;394;395;409;410;422;438;446;595;596;606;614;615;619;620;630;639;666;792;815;816;834;849;859;878;886;1035;1036;1054;1060;1069;1079;1082;1098;1106;1107;1110;1255;1256;1265;1274;1280;1302;1308;1318;1330;1341;1451;1476;1494;1500;1509;1522;1550;1666;1695;1705;1714;1720;1729;1742;1766;1770;1786;1911;1925;1934;1944;1953;1962;1972;1981;1982;1994;2014
80,90,155;156;166;179;180;189;190;198;199;208;214;217;226;351;375;376;394;395;409;410;422;438;446;595;596;606;614;615;619;620;630;639;666;792;815;816;834;849;859;878;886;1035;1036;1054;1060;1069;1079;1082;1098;1106;1107;1110;1255;1256;1265;1274;1280;1302;1308;1318;1330;1341;1451;1476;1494;1500;1509;1522;1550;1666;1695;1705;1714;1720;1729;1742;1766;1770;1786;1911;1925;1934;1944;1953;1962;1972;1981;1982;1994;2014
81,90,155;156;166;179;180;189;190;198;199;208;214;217;226;351;375;376;394;395;409;410;422;438;446;595;596;606;614;615;619;620;630;639;666;792;815;816;834;849;859;878;886;1035;1036;1054;1060;1069;1079;1082;1098;1106;1107;1110;1255;1256;1265;1274;1280;1302;1308;1318;1330;1341;1451;1476;1494;1500;1509;1522;1550;1666;1695;1705;1714;1720;1729;1742;1766;1770;1786;1911;1925;1934;1944;1953;1962;1972;1981;1982;1994;2014
82,90,155;156;166;179;180;189;190;198;199;208;214;217;226;351;375;376;394;395;409;410;422;438;446;595;596;606;614;615;619;620;630;639;666;792;815;816;834;849;859;878;886;1035;1036;1054;1060;1069;1079;1082;1098;1106;1107;1110;1255;1256;1265;1274;1280;1302;1308;1318;1330;1341;1451;1476;1494;1500;1509;1522;1550;1666;1695;1705;1714;1720;1729;1742;1766;1770;1786;1911;1925;1934;1944;1953;1962;1972;1981;1982;1994;2014
83,90,155;156;166;179;180;189;190;198;199;208;214;217;226;351;375;376;394;395;409;410;422;438;446;595;596;606;614;615;619;620;630;639;666;792;815;816;834;849;859;878;886;1035;1036;1054;1060;1069;1079;1082;1098;1106;1107;1110;1255;1256;1265;1274;1280;1302;1308;1318;1330;1341;1451;1476;1494;1500;1509;1522;1550;1666;1695;1705;1714;1720;1729;1742;1766;1770;1786;1911;1925;1934;1944;1953;1962;1972;1981;1982;1994;2014
84,90,155;156;166;179;180;189;190;198;199;208;214;217;226;351;375;376;394;395;409;410;422;438;446;595;596;606;614;615;619;620;630;639;666;792;815;816;834;849;859;878;886;1035;1036;1054;1060;1069;1079;1082;1098;1106;1107;1110;1255;1256;1265;1274;1280;1302;1308;1318;1330;1341;1451;1476;1494;1500;1509;1522;1550;1666;1695;1705;1714;1720;1729;1742;1766;1770;1786;1911;1925;1934;1944;1953;1962;1972;1981;1982;1994;2014
85,90,155;156;166;179;180;189;190;198;199;208;214;217;226;351;375;376;394;395;409;410;422;438;446;595;596;606;614;615;619;620;630;639;666;792;815;816;834;849;859;878;886;1035;1036;1054;1060;1069;1079;1082;1098;1106;1107;1110;1255;1256;1265;1274;1280;1302;1308;1318;1330;1341;1451;1476;1494;1500;1509;1522;1550;1666;1695;1705;1714;1720;1729;1742;1766;1770;1786;1911;1925;1934;1944;1953;1962;1972;1981;1982;1994;2014
86,90,155;156;166;179;180;189;190;198;199;208;214;217;226;351;375;376;394;395;409;410;422;438;446;595;596;606;614;615;619;620;630;639;666;792;815;816;834;849;859;878;886;1035;1036;1054;1060;1069;1079;1082;1098;1106;1107;1110;1255;1256;1265;1274;1280;1302;1308;1318;1330;1341;1451;1476;1494;1500;1509;1522;1550;1666;1695;1705;1714;1720;1729;1742;1766;1770;1786;1911;1925;1934;1944;1953;1962;1972;1981;1982;1994;2014
87,90,155;156;166;179;180;189;190;198;199;208;214;217;226;351;375;376;394;395;409;410;422;438;446;595;596;606;614;615;619;620;630;639;666;792;815;816;834;849;859;878;886;1035;1036;1054;1060;1069;1079;1082;1098;1106;1107;1110;1255;1256;1265;1274;1280;1302;1308;1318;1330;1341;1451;1476;1494;1500;1509;1522;1550;1666;1695;1705;1714;1720;1729;1742;1766;1770;1786;1911;1925;1934;1944;1953;1962;1972;1981;1982;1994;2014
88,90,155;156;166;179;180;189;190;198;199;208;214;217;226;351;375;376;394;395;409;410;422;438;446;595;596;606;614;615;619;620;630;639;666;792;815;816;834;849;859;878;886;1035;1036;1054;1060;1069;1079;1082;1098;1106;1107;1110;1255;1256;1265;1274;1280;1302;1308;1318;1330;1341;1451;1476;1494;1500;1509;1522;1550;1666;1695;1705;1714;1720;1729;1742;1766;1770;1786;1911;1925;1934;1944;1953;1962;1972;1981;1982;1994;2014
89,90,155;156;166;179;180;189;190;198;199;208;214;217;226;351;375;376;394;395;409;410;422;438;446;595;596;606;614;615;619;620;630;639;666;792;815;816;834;849;859;878;886;1035;1036;1054;1060;1069;1079;1082;1098;1106;1107;1110;1255;1256;1265;1274;1280;1302;1308;1318;1330;1341;1451;1476;1494;1500;1509;1522;1550;1666;1695;1705;1714;1720;1729;1742;1766;1770;1786;1911;1925;1934;1944;1953;1962;1972;1981;1982;1994;2014
90,90,155;156;166;179;180;189;190;198;199;208;214;217;226;351;375;376;394;395;409;410;422;438;446;595;596;606;614;615;619;620;630;639;666;792;815;816;834;849;859;878;886;1035;1036;1054;1060;1069;1079;1082;1098;1106;1107;1110;1255;1256;1265;1274;1280;1302;1308;1318;1330;1341;1451;1476;1494;1500;1509;1522;1550;1666;1695;1705;1714;1720;1729;1742;1766;1770;1786;1911;1925;1934;1944;1953;1962;1972;1981;1982;1994;2014
91,90,155;156;166;179;180;189;190;198;199;208;214;217;226;351;375;376;394;395;409;410;422;438;446;595;596;606;614;615;619;620;630;639;666;792;815;816;834;849;859;878;886;1035;1036;1054;1060;1069;1079;1082;1098;1106;1107;1110;1255;1256;1265;1274;1280;1302;1308;1318;1330;1341;1451;1476;1494;1500;1509;1522;1550;1666;1695;1705;1714;1720;1729;1742;1766;1770;1786;1911;1925;1934;1944;1953;1962;1972;1981;1982;1994;2014
92,90,155;156;166;179;180;189;190;198;199;208;214;217;226;351;375;376;394;395;409;410;422;438;446;595;596;606;614;615;619;620;630;639;666;792;815;816;834;849;859;878;886;1035;1036;1054;1060;1069;1079;1082;1098;1106;1107;1110;1255;1256;1265;1274;1280;1302;1308;1318;1330;1341;1451;1476;1494;1500;1509;1522;1550;1666;1695;1705;1714;1720;1729;1742;1766;1770;1786;1911;1925;1934;1944;1953;1962;1972;1981;1982;1994;2014
93,90,155;156;166;179;180;189;190;198;199;208;214;217;226;351;375;376;394;395;409;410;422;438;446;595;596;606;614;615;619;620;630;639;666;792;815;816;834;849;859;878;886;1035;1036;1054;1060;1069;1079;1082;1098;1106;1107;1110;1255;1256;1265;1274;1280;1302;1308;1318;1330;1341;1451;1476;1494;1500;1509;1522;1550;1666;1695;1705;1714;1720;1729;1742;1766;1770;1786;1911;1925;1934;1944;1953;1962;1972;1981;1982;1994;2014
94,90,155;156;166;179;180;189;190;198;199;208;214;217;226;351;375;376;394;395;409;410;422;438;446;595;596;606;614;615;619;620;630;639;666;792;815;816;834;849;859;878;886;1035;1036;1054;1060;1069;1079;1082;1098;1106;1107;1110;1255;1256;1265;1274;1280;1302;1308;1318;1330;1341;1451;1476;1494;1500;1509;1522;1550;1666;1695;1705;1714;1720;1729;1742;1766;1770;1786;1911;1925;1934;1944;1953;1962;1972;1981;1982;1994;2014
95,90,155;156;166;179;180;189;190;198;199;208;214;217;226;351;375;376;394;395;409;410;422;438;446;595;596;606;614;615;619;620;630;639;666;792;815;816;834;849;859;878;886;1035;1036;1054;1060;1069;1079;1082;1098;1106;1107;1110;1255;1256;1265;1274;1280;1302;1308;1318;1330;1341;1451;1476;1494;1500;1509;1522;1550;1666;1695;1705;1714;1720;1729;1742;1766;1770;1786;1911;1925;1934;1944;1953;1962;1972;1981;1982;1994;2014
96,90,155;156;166;179;180;189;190;198;199;208;214;217;226;351;375;376;394;395;409;410;422;438;446;595;596;606;614;615;619;620;630;639;666;792;815;816;834;849;859;878;886;1035;1036;1054;1060;1069;1079;1082;1098;1106;1107;1110;1255;1256;1265;1274;1280;1302;1308;1318;1330;1341;1451;1476;1494;1500;1509;1522;1550;1666;1695;1705;1714;1720;1729;1742;1766;1770;1786;1911;1925;1934;1944;1953;1962;1972;1981;1982;1994;2014
97,90,155;156;166;179;180;189;190;198;199;208;214;217;226;351;375;376;394;395;409;410;422;438;446;595;596;606;614;615;619;620;630;639;666;792;815;816;834;849;859;878;886;1035;1036;1054;1060;1069;1079;1082;1098;1106;1107;1110;1255;1256;1265;1274;1280;1302;1308;1318;1330;1341;1451;1476;1494;1500;1509;1522;1550;1666;1695;1705;1714;1720;1729;1742;1766;1770;1786;1911;1925;1934;1944;1953;1962;1972;1981;1982;1994;2014
98,90,155;156;166;179;180;189;190;198;199;208;214;217;226;351;375;376;394;395;409;410;422;438;446;595;596;606;614;615;619;620;630;639;666;792;815;816;834;849;859;878;886;1035;1036;1054;1060;1069;1079;1082;1098;1106;1107;1110;1255;1256;1265;1274;1280;1302;1308;1318;1330;1341;1451;1476;1494;1500;1509;1522;1550;1666;1695;1705;1714;1720;1729;1742;1766;1770;1786;1911;1925;1934;1944;1953;1962;1972;1981;1982;1994;2014
99,90,155;156;166;179;180;189;190;198;199;208;214;217;226;351;375;376;394;395;409;410;422;438;446;595;596;606;614;615;619;620;630;639;666;792;815;816;834;849;859;878;886;1035;1036;1054;1060;1069;1079;1082;1098;1106;1107;1110;1255;1256;1265;1274;1280;1302;1308;1318;1330;1341;1451;1476;1494;1500;1509;1522;1550;1666;1695;1705;1714;1720;1729;1742;1766;1770;1786;1911;1925;1934;1944;1953;1962;1972;1981;1982;1994;2014
100,90,155;156;166;179;180;189;190;198;199;208;214;217;226;351;375;376;394;395;409;410;422;438;446;595;596;606;614;615;619;620;630;639;666;792;815;816;834;849;859;878;886;1035;1036;1054;1060;1069;1079;1082;1098;1106;1107;1110;1255;1256;1265;1274;1280;1302;1308;1318;1330;1341;1451;1476;1494;1500;1509;1522;1550;1666;1695;1705;1714;1720;1729;1742;1766;1770;1786;1911;1925;1934;1944;1953;1962;1972;1981;1982;1994;2014
101,90,155;156;166;179;180;189;190;198;199;208;214;217;226;351;375;376;394;395;409;410;422;438;446;595;596;606;614;615;619;620;630;639;666;792;815;816;834;849;859;878;886;1035;1036;1054;1060;1069;1079;1082;1098;1106;1107;1110;1255;1256;1265;1274;1280;1302;1308;1318;1330;1341;1451;1476;1494;1500;1509;1522;1550;1666;1695;1705;1714;1720;1729;1742;1766;1770;1786;1911;1925;1934;1944;1953;1962;1972;1981;1982;1994;2014
102,90,155;156;166;179;180;189;190;198;199;208;214;217;226;351;375;376;394;395;409;410;422;438;446;595;596;606;614;615;619;620;630;639;666;792;815;816;834;849;859;878;886;1035;1036;1054;1060;1069;1079;1082;1098;1106;1107;1110;1255;1256;1265;1274;1280;1302;1308;1318;1330;1341;1451;1476;1494;1500;1509;1522;1550;1666;1695;1705;1714;1720;1729;1742;1766;1770;1786;1911;1925;1934;1944;1953;1962;1972;1981;1982;1994;2014
103,92,155;156;166;179;180;189;190;198;199;208;214;217;226;351;375;376;394;395;409;410;422;438;446;595;596;606;614;615;619;620;630;639;666;792;815;816;834;849;859;878;886;1035;1036;1054;1060;1069;1079;1082;1098;1106;1107;1110;1255;1256;1265;1274;1280;1302;1308;1318;1330;1341;1451;1476;1494;1500;1509;1522;1550;1666;1695;1705;1714;1720;1729;1742;1766;1770;1786;1911;1925;1934;1944;1953;1962;1972;1981;1982;1994;2014;3779;3781
104,187,155;156;166;179;180;189;190;198;199;208;214;217;226;351;375;376;394;395;409;410;422;438;446;595;596;606;614;615;619;620;630;639;666;792;815;816;834;849;859;878;886;1035;1036;1054;1060;1069;1079;1082;1098;1106;1107;1110;1255;1256;1265;1274;1280;1302;1308;1318;1330;1341;1451;1476;1494;1500;1509;1522;1550;1666;1695;1705;1714;1720;1729;1742;1770;1786;1911;1925;1934;1944;1953;1962;1972;1981;1982;1994;2014;2898;3116;3120;3129;3141;3143;3165;3167;3190;3191;3214;3215;3239;3336;3340;3349;3385;3387;3408;3409;3411;3432;3433;3434;3435;3456;3458;3459;3480;3482;3496;3503;3506;3530;3537;3556;3560;3569;3581;3605;3607;3629;3631;3653;3654;3655;3676;3677;3678;3679;3700;3702;3708;3716;3723;3724;3726;3728;3732;3747;3748;3750;3757;3779;3780;3781;3806;3807;3833;3835;3861;3862;3863;3889;3890;3891;3916;3917;3918;3919;3943;3944;3946;3947;3952;3964;3971;3972;3974;3977;3980;3999;4000;4003;4004;4005;4008;4009
105,190,155;156;166;179;180;189;190;198;199;208;214;217;226;351;375;376;394;395;409;410;422;438;446;595;596;606;614;615;619;620;630;639;666;792;815;816;834;849;859;878;1035;1036;1054;1060;1069;1079;1082;1098;1255;1256;1265;1274;1280;1302;1308;1318;1451;1500;1509;1522;2358;2382;2383;2407;2409;2460;2576;2577;2578;2579;2600;2602;2603;2608;2616;2624;2626;2632;2643;2648;2650;2653;2657;2671;2680;2689;2773;2775;2796;2797;2799;2820;2821;2822;2836;2844;2846;2849;2852;2863;2867;2868;2870;2873;2891;2900;2969;2993;2995;3016;3017;3019;3040;3041;3042;3043;3048;3056;3063;3064;3066;3068;3072;3087;3088;3090;3093;3097;3111;3120;3129;3165;3213;3214;3215;3237;3239;3260;3262;3263;3276;3283;3284;3286;3288;3292;3300;3307;3308;3310;3317;3331;3340;3349;3480;3484;3488;3496;3503;3504;3506;3508;3512;3527;3528;3530;3537;3551;3560;3569;3708;3716;3723;3728;3732;3747;3757;3780;3781;3943;3952;3964;3971;3977;3980;3999;4004;4005;4008;4009
106,128,155;156;166;179;180;189;190;198;199;208;214;217;351;375;376;395;409;410;422;438;619;639;2162;2176;2184;2185;2186;2187;2192;2200;2203;2207;2208;2209;2210;2211;2212;2213;2217;2220;2364;2382;2383;2388;2396;2406;2407;2408;2409;2423;2427;2428;2430;2433;2440;2451;2460;2608;2616;2632;2643;2648;2653;2657;2660;2671;2680;2689;2836;2849;2852;2863;2867;2873;2891;2900;3048;3056;3063;3068;3072;3087;3093;3097;3111;3120;3129;3276;3283;3288;3292;3300;3307;3317;3331;3340;3349;3484;3488;3496;3503;3508;3512;3527;3537;3551;3560;3569;3708;3716;3723;3728;3732;3747;3757;3780;3781;3943;3952;3964;3971;3977;3980;3999;4004;4005;4008;4009
107,90,2176;2192;2200;2203;2207;2212;2213;2217;2220;2364;2388;2396;2408;2409;2423;2427;2433;2440;2451;2460;2608;2616;2632;2643;2653;2657;2660;2671;2680;2689;2836;2849;2852;2863;2867;2873;2891;2900;3048;3056;3063;3068;3072;3087;3093;3097;3111;3120;3129;3276;3283;3288;3292;3300;3307;3317;3331;3340;3349;3484;3488;3496;3503;3508;3512;3527;3537;3551;3560;3569;3708;3716;3723;3728;3732;3747;3757;3780;3781;3943;3952;3964;3971;3977;3980;3999;4004;4005;4008;4009
108,90,2176;2192;2200;2203;2207;2212;2213;2217;2220;2364;2388;2396;2408;2409;2423;2427;2433;2440;2451;2460;2608;2616;2632;2643;2653;2657;2660;2671;2680;2689;2836;2849;2852;2863;2867;2873;2891;2900;3048;3056;3063;3068;3072;3087;3093;3097;3111;3120;3129;3276;3283;3288;3292;3300;3307;3317;3331;3340;3349;3484;3488;3496;3503;3508;3512;3527;3537;3551;3560;3569;3708;3716;3723;3728;3732;3747;3757;3780;3781;3943;3952;3964;3971;3977;3980;3999;4004;4005;4008;4009
109,90,2176;2192;2200;2203;2207;2212;2213;2217;2220;2364;2388;2396;2408;2409;2423;2427;2433;2440;2451;2460;2608;2616;2632;2643;2653;2657;2660;2671;2680;2689;2836;2849;2852;2863;2867;2873;2891;2900;3048;3056;3063;3068;3072;3087;3093;3097;3111;3120;3129;3276;3283;3288;3292;3300;3307;3317;3331;3340;3349;3484;3488;3496;3503;3508;3512;3527;3537;3551;3560;3569;3708;3716;3723;3728;3732;3747;3757;3780;3781;3943;3952;3964;3971;3977;3980;3999;4004;4005;4008;4009
110,90,2176;2192;2200;2203;2207;2212;2213;2217;2220;2364;2388;2396;2408;2409;2423;2427;2433;2440;2451;2460;2608;2616;2632;2643;2653;2657;2660;2671;2680;2689;2836;2849;2852;2863;2867;2873;2891;2900;3048;3056;3063;3068;3072;3087;3093;3097;3111;3120;3129;3276;3283;3288;3292;3300;3307;3317;3331;3340;3349;3484;3488;3496;3503;3508;3512;3527;3537;3551;3560;3569;3708;3716;3723;3728;3732;3747;3757;3780;3781;3943;3952;3964;3971;3977;3980;3999;4004;4005;4008;4009
111,90,2176;2192;2200;2203;2207;2212;2213;2217;2220;2364;2388;2396;2408;2409;2423;2427;2433;2440;2451;2460;2608;2616;2632;2643;2653;2657;2660;2671;2680;2689;2836;2849;2852;2863;2867;2873;2891;2900;3048;3056;3063;3068;3072;3087;3093;3097;3111;3120;3129;3276;3283;3288;3292;3300;3307;3317;3331;3340;3349;3484;3488;3496;3503;3508;3512;3527;3537;3551;3560;3569;3708;3716;3723;3728;3732;3747;3757;3780;3781;3943;3952;3964;3971;3977;3980;3999;4004;4005;4008;4009
112,90,2176;2192;2200;2203;2207;2212;2213;2217;2220;2364;2388;2396;2408;2409;2423;2427;2433;2440;2451;2460;2608;2616;2632;2643;2653;2657;2660;2671;2680;2689;2836;2849;2852;2863;2867;2873;2891;2900;3048;3056;3063;3068;3072;3087;3093;3097;3111;3120;3129;3276;3283;3288;3292;3300;3307;3317;3331;3340;3349;3484;3488;3496;3503;3508;3512;3527;3537;3551;3560;3569;3708;3716;3723;3728;3732;3747;3757;3780;3781;3943;3952;3964;3971;3977;3980;3999;4004;4005;4008;4009
113,90,2176;2192;2200;2203;2207;2212;2213;2217;2220;2364;2388;2396;2408;2409;2423;2427;2433;2440;2451;2460;2608;2616;2632;2643;2653;2657;2660;2671;2680;2689;2836;2849;2852;2863;2867;2873;2891;2900;3048;3056;3063;3068;3072;3087;3093;3097;3111;3120;3129;3276;3283;3288;3292;3300;3307;3317;3331;3340;3349;3484;3488;3496;3503;3508;3512;3527;3537;3551;3560;3569;3708;3716;3723;3728;3732;3747;3757;3780;3781;3943;3952;3964;3971;3977;3980;3999;4004;4005;4008;4009
114,90,2176;2192;2200;2203;2207;2212;2213;2217;2220;2364;2388;2396;2408;2409;2423;2427;2433;2440;2451;2460;2608;2616;2632;2643;2653;2657;2660;2671;2680;2689;2836;2849;2852;2863;2867;2873;2891;2900;3048;3056;3063;3068;3072;3087;3093;3097;3111;3120;3129;3276;3283;3288;3292;3300;3307;3317;3331;3340;3349;3484;3488;3496;3503;3508;3512;3527;3537;3551;3560;3569;3708;3716;3723;3728;3732;3747;3757;3780;3781;3943;3952;3964;3971;3977;3980;3999;4004;4005;4008;4009
115,90,2176;2192;2200;2203;2207;2212;2213;2217;2220;2364;2388;2396;2408;2409;2423;2427;2433;2440;2451;2460;2608;2616;2632;2643;2653;2657;2660;2671;2680;2689;2836;2849;2852;2863;2867;2873;2891;2900;3048;3056;3063;3068;3072;3087;3093;3097;3111;3120;3129;3276;3283;3288;3292;3300;3307;3317;3331;3340;3349;3484;3488;3496;3503;3508;3512;3527;3537;3551;3560;3569;3708;3716;3723;3728;3732;3747;3757;3780;3781;3943;3952;3964;3971;3977;3980;3999;4004;4005;4008;4009
116,90,2176;2192;2200;2203;2207;2212;2213;2217;2220;2364;2388;2396;2408;2409;2423;2427;2433;2440;2451;2460;2608;2616;2632;2643;2653;2657;2660;2671;2680;2689;2836;2849;2852;2863;2867;2873;2891;2900;3048;3056;3063;3068;3072;3087;3093;3097;3111;3120;3129;3276;3283;3288;3292;3300;3307;3317;3331;3340;3349;3484;3488;3496;3503;3508;3512;3527;3537;3551;3560;3569;3708;3716;3723;3728;3732;3747;3757;3780;3781;3943;3952;3964;3971;3977;3980;3999;4004;4005;4008;4009
117,90,2176;2192;2200;2203;2207;2212;2213;2217;2220;2364;2388;2396;2408;2409;2423;2427;2433;2440;2451;2460;2608;2616;2632;2643;2653;2657;2660;2671;2680;2689;2836;2849;2852;2863;2867;2873;2891;2900;3048;3056;3063;3068;3072;3087;3093;3097;3111;3120;3129;3276;3283;3288;3292;3300;3307;3317;3331;3340;3349;3484;3488;3496;3503;3508;3512;3527;3537;3551;3560;3569;3708;3716;3723;3728;3732;3747;3757;3780;3781;3943;3952;3964;3971;3977;3980;3999;4004;4005;4008;4009
118,90,2176;2192;2200;2203;2207;2212;2213;2217;2220;2364;2388;2396;2408;2409;2423;2427;2433;2440;2451;2460;2608;2616;2632;2643;2653;2657;2660;2671;2680;2689;2836;2849;2852;2863;2867;2873;2891;2900;3048;3056;3063;3068;3072;3087;3093;3097;3111;3120;3129;3276;3283;3288;3292;3300;3307;3317;3331;3340;3349;3484;3488;3496;3503;3508;3512;3527;3537;3551;3560;3569;3708;3716;3723;3728;3732;3747;3757;3780;3781;3943;3952;3964;3971;3977;3980;3999;4004;4005;4008;4009
119,90,2176;2192;2200;2203;2207;2212;2213;2217;2220;2364;2388;2396;2408;2409;2423;2427;2433;2440;2451;2460;2608;2616;2632;2643;2653;2657;2660;2671;2680;2689;2836;2849;2852;2863;2867;2873;2891;2900;3048;3056;3063;3068;3072;3087;3093;3097;3111;3120;3129;3276;3283;3288;3292;3300;3307;3317;3331;3340;3349;3484;3488;3496;3503;3508;3512;3527;3537;3551;3560;3569;3708;3716;3723;3728;3732;3747;3757;3780;3781;3943;3952;3964;3971;3977;3980;3999;4004;4005;4008;4009
120,90,2176;2192;2200;2203;2207;2212;2213;2217;2220;2364;2388;2396;2408;2409;2423;2427;2433;2440;2451;2460;2608;2616;2632;2643;2653;2657;2660;2671;2680;2689;2836;2849;2852;2863;2867;2873;2891;2900;3048;3056;3063;3068;3072;3087;3093;3097;3111;3120;3129;3276;3283;3288;3292;3300;3307;3317;3331;3340;3349;3484;3488;3496;3503;3508;3512;3527;3537;3551;3560;3569;3708;3716;3723;3728;3732;3747;3757;3780;3781;3943;3952;3964;3971;3977;3980;3999;4004;4005;4008;4009
121,90,2176;2192;2200;2203;2207;2212;2213;2217;2220;2364;2388;2396;2408;2409;2423;2427;2433;2440;2451;2460;2608;2616;2632;2643;2653;2657;2660;2671;2680;2689;2836;2849;2852;2863;2867;2873;2891;2900;3048;3056;3063;3068;3072;3087;3093;3097;3111;3120;3129;3276;3283;3288;3292;3300;3307;3317;3331;3340;3349;3484;3488;3496;3503;3508;3512;3527;3537;3551;3560;3569;3708;3716;3723;3728;3732;3747;3757;3780;3781;3943;3952;3964;3971;3977;3980;3999;4004;4005;4008;4009
122,90,2176;2192;2200;2203;2207;2212;2213;2217;2220;2364;2388;2396;2408;2409;2423;2427;2433;2440;2451;2460;2608;2616;2632;2643;2653;2657;2660;2671;2680;2689;2836;2849;2852;2863;2867;2873;2891;2900;3048;3056;3063;3068;3072;3087;3093;3097;3111;3120;3129;3276;3283;3288;3292;3300;3307;3317;3331;3340;3349;3484;3488;3496;3503;3508;3512;3527;3537;3551;3560;3569;3708;3716;3723;3728;3732;3747;3757;3780;3781;3943;3952;3964;3971;3977;3980;3999;4004;4005;4008;4009
123,90,2176;2192;2200;2203;2207;2212;2213;2217;2220;2364;2388;2396;2408;2409;2423;2427;2433;2440;2451;2460;2608;2616;2632;2643;2653;2657;2660;2671;2680;2689;2836;2849;2852;2863;2867;2873;2891;2900;3048;3056;3063;3068;3072;3087;3093;3097;3111;3120;3129;3276;3283;3288;3292;3300;3307;3317;3331;3340;3349;3484;3488;3496;3503;3508;3512;3527;3537;3551;3560;3569;3708;3716;3723;3728;3732;3747;3757;3780;3781;3943;3952;3964;3971;3977;3980;3999;4004;4005;4008;4009
124,90,2176;2192;2200;2203;2207;2212;2213;2217;2220;2364;2388;2396;2408;2409;2423;2427;2433;2440;2451;2460;2608;2616;2632;2643;2653;2657;2660;2671;2680;2689;2836;2849;2852;2863;2867;2873;2891;2900;3048;3056;3063;3068;3072;3087;3093;3097;3111;3120;3129;3276;3283;3288;3292;3300;3307;3317;3331;3340;3349;3484;3488;3496;3503;3508;3512;3527;3537;3551;3560;3569;3708;3716;3723;3728;3732;3747;3757;3780;3781;3943;3952;3964;3971;3977;3980;3999;4004;4005;4008;4009
125,90,2176;2192;2200;2203;2207;2212;2213;2217;2220;2364;2388;2396;2408;2409;2423;2427;2433;2440;2451;2460;2608;2616;2632;2643;2653;2657;2660;2671;2680;2689;2836;2849;2852;2863;2867;2873;2891;2900;3048;3056;3063;3068;3072;3087;3093;3097;3111;3120;3129;3276;3283;3288;3292;3300;3307;3317;3331;3340;3349;3484;3488;3496;3503;3508;3512;3527;3537;3551;3560;3569;3708;3716;3723;3728;3732;3747;3757;3780;3781;3943;3952;3964;3971;3977;3980;3999;4004;4005;4008;4009
126,90,2176;2192;2200;2203;2207;2212;2213;2217;2220;2364;2388;2396;2408;2409;2423;2427;2433;2440;2451;2460;2608;2616;2632;2643;2653;2657;2660;2671;2680;2689;2836;2849;2852;2863;2867;2873;2891;2900;3048;3056;3063;3068;3072;3087;3093;3097;3111;3120;3129;3276;3283;3288;3292;3300;3307;3317;3331;3340;3349;3484;3488;3496;3503;3508;3512;3527;3537;3551;3560;3569;3708;3716;3723;3728;3732;3747;3757;3780;3781;3943;3952;3964;3971;3977;3980;3999;4004;4005;4008;4009
127,90,2176;2192;2200;2203;2207;2212;2213;2217;2220;2364;2388;2396;2408;2409;2423;2427;2433;2440;2451;2460;2608;2616;2632;2643;2653;2657;2660;2671;2680;2689;2836;2849;2852;2863;2867;2873;2891;2900;3048;3056;3063;3068;3072;3087;3093;3097;3111;3120;3129;3276;3283;3288;3292;3300;3307;3317;3331;3340;3349;3484;3488;3496;3503;3508;3512;3527;3537;3551;3560;3569;3708;3716;3723;3728;3732;3747;3757;3780;3781;3943;3952;3964;3971;3977;3980;3999;4004;4005;4008;4009
128,90,2176;2192;2200;2203;2207;2212;2213;2217;2220;2364;2388;2396;2408;2409;2423;2427;2433;2440;2451;2460;2608;2616;2632;2643;2653;2657;2660;2671;2680;2689;2836;2849;2852;2863;2867;2873;2891;2900;3048;3056;3063;3068;3072;3087;3093;3097;3111;3120;3129;3276;3283;3288;3292;3300;3307;3317;3331;3340;3349;3484;3488;3496;3503;3508;3512;3527;3537;3551;3560;3569;3708;3716;3723;3728;3732;3747;3757;3780;3781;3943;3952;3964;3971;3977;3980;3999;4004;4005;4008;4009
129,90,2176;2192;2200;2203;2207;2212;2213;2217;2220;2364;2388;2396;2408;2409;2423;2427;2433;2440;2451;2460;2608;2616;2632;2643;2653;2657;2660;2671;2680;2689;2836;2849;2852;2863;2867;2873;2891;2900;3048;3056;3063;3068;3072;3087;3093;3097;3111;3120;3129;3276;3283;3288;3292;3300;3307;3317;3331;3340;3349;3484;3488;3496;3503;3508;3512;3527;3537;3551;3560;3569;3708;3716;3723;3728;3732;3747;3757;3780;3781;3943;3952;3964;3971;3977;3980;3999;4004;4005;4008;4009
130,90,2176;2192;2200;2203;2207;2212;2213;2217;2220;2364;2388;2396;2408;2409;2423;2427;2433;2440;2451;2460;2608;2616;2632;2643;2653;2657;2660;2671;2680;2689;2836;2849;2852;2863;2867;2873;2891;2900;3048;3056;3063;3068;3072;3087;3093;3097;3111;3120;3129;3276;3283;3288;3292;3300;3307;3317;3331;3340;3349;3484;3488;3496;3503;3508;3512;3527;3537;3551;3560;3569;3708;3716;3723;3728;3732;3747;3757;3780;3781;3943;3952;3964;3971;3977;3980;3999;4004;4005;4008;4009
131,90,2176;2192;2200;2203;2207;2212;2213;2217;2220;2364;2388;2396;2408;2409;2423;2427;2433;2440;2451;2460;2608;2616;2632;2643;2653;2657;2660;2671;2680;2689;2836;2849;2852;2863;2867;2873;2891;2900;3048;3056;3063;3068;3072;3087;3093;3097;3111;3120;3129;3276;3283;3288;3292;3300;3307;3317;3331;3340;3349;3484;3488;3496;3503;3508;3512;3527;3537;3551;3560;3569;3708;3716;3723;3728;3732;3747;3757;3780;3781;3943;3952;3964;3971;3977;3980;3999;4004;4005;4008;4009
132,90,2176;2192;2200;2203;2207;2212;2213;2217;2220;2364;2388;2396;2408;2409;2423;2427;2433;2440;2451;2460;2608;2616;2632;2643;2653;2657;2660;2671;2680;2689;2836;2849;2852;2863;2867;2873;2891;2900;3048;3056;3063;3068;3072;3087;3093;3097;3111;3120;3129;3276;3283;3288;3292;3300;3307;3317;3331;3340;3349;3484;3488;3496;3503;3508;3512;3527;3537;3551;3560;3569;3708;3716;3723;3728;3732;3747;3757;3780;3781;3943;3952;3964;3971;3977;3980;3999;4004;4005;4008;4009
133,90,2176;2192;2200;2203;2207;2212;2213;2217;2220;2364;2388;2396;2408;2409;2423;2427;2433;2440;2451;2460;2608;2616;2632;2643;2653;2657;2660;2671;2680;2689;2836;2849;2852;2863;2867;2873;2891;2900;3048;3056;3063;3068;3072;3087;3093;3097;3111;3120;3129;3276;3283;3288;3292;3300;3307;3317;3331;3340;3349;3484;3488;3496;3503;3508;3512;3527;3537;3551;3560;3569;3708;3716;3723;3728;3732;3747;3757;3780;3781;3943;3952;3964;3971;3977;3980;3999;4004;4005;4008;4009
134,90,2176;2192;2200;2203;2207;2212;2213;2217;2220;2364;2388;2396;2408;2409;2423;2427;2433;2440;2451;2460;2608;2616;2632;2643;2653;2657;2660;2671;2680;2689;2836;2849;2852;2863;2867;2873;2891;2900;3048;3056;3063;3068;3072;3087;3093;3097;3111;3120;3129;3276;3283;3288;3292;3300;3307;3317;3331;3340;3349;3484;3488;3496;3503;3508;3512;3527;3537;3551;3560;3569;3708;3716;3723;3728;3732;3747;3757;3780;3781;3943;3952;3964;3971;3977;3980;3999;4004;4005;4008;4009
135,90,2176;2192;2200;2203;2207;2212;2213;2217;2220;2364;2388;2396;2408;2409;2423;2427;2433;2440;2451;2460;2608;2616;2632;2643;2653;2657;2660;2671;2680;2689;2836;2849;2852;2863;2867;2873;2891;2900;3048;3056;3063;3068;3072;3087;3093;3097;3111;3120;3129;3276;3283;3288;3292;3300;3307;3317;3331;3340;3349;3484;3488;3496;3503;3508;3512;3527;3537;3551;3560;3569;3708;3716;3723;3728;3732;3747;3757;3780;3781;3943;3952;3964;3971;3977;3980;3999;4004;4005;4008;4009
136,90,2176;2192;2200;2203;2207;2212;2213;2217;2220;2364;2388;2396;2408;2409;2423;2427;2433;2440;2451;2460;2608;2616;2632;2643;2653;2657;2660;2671;2680;2689;2836;2849;2852;2863;2867;2873;2891;2900;3048;3056;3063;3068;3072;3087;3093;3097;3111;3120;3129;3276;3283;3288;3292;3300;3307;3317;3331;3340;3349;3484;3488;3496;3503;3508;3512;3527;3537;3551;3560;3569;3708;3716;3723;3728;3732;3747;3757;3780;3781;3943;3952;3964;3971;3977;3980;3999;4004;4005;4008;4009
137,90,2176;2192;2200;2203;2207;2212;2213;2217;2220;2364;2388;2396;2408;2409;2423;2427;2433;2440;2451;2460;2608;2616;2632;2643;2653;2657;2660;2671;2680;2689;2836;2849;2852;2863;2867;2873;2891;2900;3048;3056;3063;3068;3072;3087;3093;3097;3111;3120;3129;3276;3283;3288;3292;3300;3307;3317;3331;3340;3349;3484;3488;3496;3503;3508;3512;3527;3537;3551;3560;3569;3708;3716;3723;3728;3732;3747;3757;3780;3781;3943;3952;3964;3971;3977;3980;3999;4004;4005;4008;4009
138,90,2176;2192;2200;2203;2207;2212;2213;2217;2220;2364;2388;2396;2408;2409;2423;2427;2433;2440;2451;2460;2608;2616;2632;2643;2653;2657;2660;2671;2680;2689;2836;2849;2852;2863;2867;2873;2891;2900;3048;3056;3063;3068;3072;3087;3093;3097;3111;3120;3129;3276;3283;3288;3292;3300;3307;3317;3331;3340;3349;3484;3488;3496;3503;3508;3512;3527;3537;3551;3560;3569;3708;3716;3723;3728;3732;3747;3757;3780;3781;3943;3952;3964;3971;3977;3980;3999;4004;4005;4008;4009
139,90,2176;2192;2200;2203;2207;2212;2213;2217;2220;2364;2388;2396;2408;2409;2423;2427;2433;2440;2451;2460;2608;2616;2632;2643;2653;2657;2660;2671;2680;2689;2836;2849;2852;2863;2867;2873;2891;2900;3048;3056;3063;3068;3072;3087;3093;3097;3111;3120;3129;3276;3283;3288;3292;3300;3307;3317;3331;3340;3349;3484;3488;3496;3503;3508;3512;3527;3537;3551;3560;3569;3708;3716;3723;3728;3732;3747;3757;3780;3781;3943;3952;3964;3971;3977;3980;3999;4004;4005;4008;4009
140,90,2176;2192;2200;2203;2207;2212;2213;2217;2220;2364;2388;2396;2408;2409;2423;2427;2433;2440;2451;2460;2608;2616;2632;2643;2653;2657;2660;2671;2680;2689;2836;2849;2852;2863;2867;2873;2891;2900;3048;3056;3063;3068;3072;3087;3093;3097;3111;3120;3129;3276;3283;3288;3292;3300;3307;3317;3331;3340;3349;3484;3488;3496;3503;3508;3512;3527;3537;3551;3560;3569;3708;3716;3723;3728;3732;3747;3757;3780;3781;3943;3952;3964;3971;3977;3980;3999;4004;4005;4008;4009
141,90,2176;2192;2200;2203;2207;2212;2213;2217;2220;2364;2388;2396;2408;2409;2423;2427;2433;2440;2451;2460;2608;2616;2632;2643;2653;2657;2660;2671;2680;2689;2836;2849;2852;2863;2867;2873;2891;2900;3048;3056;3063;3068;3072;3087;3093;3097;3111;3120;3129;3276;3283;3288;3292;3300;3307;3317;3331;3340;3349;3484;3488;3496;3503;3508;3512;3527;3537;3551;3560;3569;3708;3716;3723;3728;3732;3747;3757;3780;3781;3943;3952;3964;3971;3977;3980;3999;4004;4005;4008;4009
142,90,2176;2192;2200;2203;2207;2212;2213;2217;2220;2364;2388;2396;2408;2409;2423;2427;2433;2440;2451;2460;2608;2616;2632;2643;2653;2657;2660;2671;2680;2689;2836;2849;2852;2863;2867;2873;2891;2900;3048;3056;3063;3068;3072;3087;3093;3097;3111;3120;3129;3276;3283;3288;3292;3300;3307;3317;3331;3340;3349;3484;3488;3496;3503;3508;3512;3527;3537;3551;3560;3569;3708;3716;3723;3728;3732;3747;3757;3780;3781;3943;3952;3964;3971;3977;3980;3999;4004;4005;4008;4009
143,125,2176;2192;2200;2203;2207;2212;2213;2217;2220;2364;2388;2396;2408;2409;2423;2427;2433;2440;2451;2460;2608;2616;2632;2643;2653;2657;2660;2671;2680;2689;2836;2849;2852;2863;2867;2873;2891;2900;3048;3056;3063;3068;3072;3087;3093;3097;3111;3120;3129;3276;3283;3288;3292;3300;3307;3317;3331;3340;3349;3350;3484;3488;3496;3503;3508;3512;3527;3537;3551;3560;3562;3566;3569;3570;3573;3595;3597;3645;3708;3716;3723;3728;3732;3747;3757;3780;3781;3782;3786;3794;3797;3822;3823;3825;3851;3853;3878;3879;3881;3906;3907;3909;3912;3934;3935;3937;3943;3950;3952;3960;3962;3963;3964;3965;3971;3977;3980;3990;3993;3998;3999;4004;4005;4008;4009
144,190,2176;2192;2200;2203;2207;2212;2213;2217;2220;2364;2388;2396;2408;2409;2423;2427;2433;2440;2451;2460;2462;2608;2616;2632;2643;2653;2657;2660;2671;2680;2682;2689;2789;2810;2813;2836;2837;2849;2852;2863;2867;2873;2891;2900;2902;3007;3009;3031;3033;3048;3055;3056;3060;3063;3068;3070;3072;3076;3078;3087;3093;3095;3097;3106;3111;3114;3120;3122;3129;3181;3203;3205;3227;3229;3251;3253;3271;3272;3276;3277;3280;3283;3288;3290;3292;3296;3298;3300;3304;3305;3307;3317;3318;3326;3331;3332;3334;3340;3342;3349;3350;3399;3423;3425;3447;3449;3467;3471;3473;3484;3488;3491;3492;3495;3496;3497;3500;3501;3503;3508;3510;3512;3516;3518;3524;3525;3527;3537;3538;3546;3551;3552;3562;3566;3645;3691;3693;3708;3711;3712;3715;3716;3717;3720;3723;3728;3730;3732;3735;3736;3739;3744;3745;3747;3757;3758;3766;3772;3782;3786;3935;3950;3952;3955;3960;3963;3964;3965;3969;3977;3978;3980;3983;3988;3990;3991;3993;3996;3997;3998;4004;4005;4006;4008;4009;4010;4011;4022;4028;4030
145,139,2171;2176;2192;2195;2196;2200;2201;2203;2205;2206;2207;2212;2213;2214;2215;2217;2218;2220;2223;2224;2226;2227;2232;2234;2364;2388;2391;2396;2397;2408;2409;2411;2415;2416;2418;2419;2423;2424;2425;2426;2427;2433;2435;2438;2440;2447;2451;2452;2454;2462;2608;2611;2616;2617;2631;2632;2635;2636;2639;2643;2645;2646;2653;2655;2657;2658;2660;2671;2674;2682;2813;2831;2836;2837;2849;2850;2852;2855;2856;2859;2863;2865;2867;2873;2875;2878;2891;2894;2902;3070;3072;3076;3085;3095;3097;3098;3111;3114;3122;3271;3272;3290;3296;3305;3318;3334;3342;3467;3491;3492;3501;3510;3516;3525;3538;3562;3566;3711;3712;3730;3735;3736;3745;3758;3782;3786;3950;3955;3960;3969;3978;3983;3988;3997;3998;4006;4010;4011;4030
146,87,2171;2195;2196;2205;2206;2214;2215;2218;2223;2224;2234;2391;2411;2415;2416;2425;2426;2435;2438;2454;2462;2611;2631;2635;2636;2645;2646;2655;2658;2674;2682;2831;2850;2855;2856;2865;2875;2878;2894;2902;3070;3076;3085;3095;3098;3114;3122;3271;3272;3290;3296;3305;3318;3334;3342;3467;3491;3492;3501;3510;3516;3525;3538;3562;3566;3711;3712;3730;3735;3736;3745;3758;3782;3786;3950;3955;3960;3969;3978;3983;3988;3997;3998;4006;4010;4011;4030
147,87,2171;2195;2196;2205;2206;2214;2215;2218;2223;2224;2234;2391;2411;2415;2416;2425;2426;2435;2438;2454;2462;2611;2631;2635;2636;2645;2646;2655;2658;2674;2682;2831;2850;2855;2856;2865;2875;2878;2894;2902;3070;3076;3085;3095;3098;3114;3122;3271;3272;3290;3296;3305;3318;3334;3342;3467;3491;3492;3501;3510;3516;3525;3538;3562;3566;3711;3712;3730;3735;3736;3745;3758;3782;3786;3950;3955;3960;3969;3978;3983;3988;3997;3998;4006;4010;4011;4030
148,87,2171;2195;2196;2205;2206;2214;2215;2218;2223;2224;2234;2391;2411;2415;2416;2425;2426;2435;2438;2454;2462;2611;2631;2635;2636;2645;2646;2655;2658;2674;2682;2831;2850;2855;2856;2865;2875;2878;2894;2902;3070;3076;3085;3095;3098;3114;3122;3271;3272;3290;3296;3305;3318;3334;3342;3467;3491;3492;3501;3510;3516;3525;3538;3562;3566;3711;3712;3730;3735;3736;3745;3758;3782;3786;3950;3955;3960;3969;3978;3983;3988;3997;3998;4006;4010;4011;4030
149,87,2171;2195;2196;2205;2206;2214;2215;2218;2223;2224;2234;2391;2411;2415;2416;2425;2426;2435;2438;2454;2462;2611;2631;2635;2636;2645;2646;2655;2658;2674;2682;2831;2850;2855;2856;2865;2875;2878;2894;2902;3070;3076;3085;3095;3098;3114;3122;3271;3272;3290;3296;3305;3318;3334;3342;3467;3491;3492;3501;3510;3516;3525;3538;3562;3566;3711;3712;3730;3735;3736;3745;3758;3782;3786;3950;3955;3960;3969;3978;3983;3988;3997;3998;4006;4010;4011;4030
150,87,2171;2195;2196;2205;2206;2214;2215;2218;2223;2224;2234;2391;2411;2415;2416;2425;2426;2435;2438;2454;2462;2611;2631;2635;2636;2645;2646;2655;2658;2674;2682;2831;2850;2855;2856;2865;2875;2878;2894;2902;3070;3076;3085;3095;3098;3114;3122;3271;3272;3290;3296;3305;3318;3334;3342;3467;3491;3492;3501;3510;3516;3525;3538;3562;3566;3711;3712;3730;3735;3736;3745;3758;3782;3786;3950;3955;3960;3969;3978;3983;3988;3997;3998;4006;4010;4011;4030
151,87,2171;2195;2196;2205;2206;2214;2215;2218;2223;2224;2234;2391;2411;2415;2416;2425;2426;2435;2438;2454;2462;2611;2631;2635;2636;2645;2646;2655;2658;2674;2682;2831;2850;2855;2856;2865;2875;2878;2894;2902;3070;3076;3085;3095;3098;3114;3122;3271;3272;3290;3296;3305;3318;3334;3342;3467;3491;3492;3501;3510;3516;3525;3538;3562;3566;3711;3712;3730;3735;3736;3745;3758;3782;3786;3950;3955;3960;3969;3978;3983;3988;3997;3998;4006;4010;4011;4030
152,87,2171;2195;2196;2205;2206;2214;2215;2218;2223;2224;2234;2391;2411;2415;2416;2425;2426;2435;2438;2454;2462;2611;2631;2635;2636;2645;2646;2655;2658;2674;2682;2831;2850;2855;2856;2865;2875;2878;2894;2902;3070;3076;3085;3095;3098;3114;3122;3271;3272;3290;3296;3305;3318;3334;3342;3467;3491;3492;3501;3510;3516;3525;3538;3562;3566;3711;3712;3730;3735;3736;3745;3758;3782;3786;3950;3955;3960;3969;3978;3983;3988;3997;3998;4006;4010;4011;4030
153,87,2171;2195;2196;2205;2206;2214;2215;2218;2223;2224;2234;2391;2411;2415;2416;2425;2426;2435;2438;2454;2462;2611;2631;2635;2636;2645;2646;2655;2658;2674;2682;2831;2850;2855;2856;2865;2875;2878;2894;2902;3070;3076;3085;3095;3098;3114;3122;3271;3272;3290;3296;3305;3318;3334;3342;3467;3491;3492;3501;3510;3516;3525;3538;3562;3566;3711;3712;3730;3735;3736;3745;3758;3782;3786;3950;3955;3960;3969;3978;3983;3988;3997;3998;4006;4010;4011;4030
154,87,2171;2195;2196;2205;2206;2214;2215;2218;2223;2224;2234;2391;2411;2415;2416;2425;2426;2435;2438;2454;2462;2611;2631;2635;2636;2645;2646;2655;2658;2674;2682;2831;2850;2855;2856;2865;2875;2878;2894;2902;3070;3076;3085;3095;3098;3114;3122;3271;3272;3290;3296;3305;3318;3334;3342;3467;3491;3492;3501;3510;3516;3525;3538;3562;3566;3711;3712;3730;3735;3736;3745;3758;3782;3786;3950;3955;3960;3969;3978;3983;3988;3997;3998;4006;4010;4011;4030
155,87,2171;2195;2196;2205;2206;2214;2215;2218;2223;2224;2234;2391;2411;2415;2416;2425;2426;2435;2438;2454;2462;2611;2631;2635;2636;2645;2646;2655;2658;2674;2682;2831;2850;2855;2856;2865;2875;2878;2894;2902;3070;3076;3085;3095;3098;3114;3122;3271;3272;3290;3296;3305;3318;3334;3342;3467;3491;3492;3501;3510;3516;3525;3538;3562;3566;3711;3712;3730;3735;3736;3745;3758;3782;3786;3950;3955;3960;3969;3978;3983;3988;3997;3998;4006;4010;4011;4030
156,87,2171;2195;2196;2205;2206;2214;2215;2218;2223;2224;2234;2391;2411;2415;2416;2425;2426;2435;2438;2454;2462;2611;2631;2635;2636;2645;2646;2655;2658;2674;2682;2831;2850;2855;2856;2865;2875;2878;2894;2902;3070;3076;3085;3095;3098;3114;3122;3271;3272;3290;3296;3305;3318;3334;3342;3467;3491;3492;3501;3510;3516;3525;3538;3562;3566;3711;3712;3730;3735;3736;3745;3758;3782;3786;3950;3955;3960;3969;3978;3983;3988;3997;3998;4006;4010;4011;4030
157,87,2171;2195;2196;2205;2206;2214;2215;2218;2223;2224;2234;2391;2411;2415;2416;2425;2426;2435;2438;2454;2462;2611;2631;2635;2636;2645;2646;2655;2658;2674;2682;2831;2850;2855;2856;2865;2875;2878;2894;2902;3070;3076;3085;3095;3098;3114;3122;3271;3272;3290;3296;3305;3318;3334;3342;3467;3491;3492;3501;3510;3516;3525;3538;3562;3566;3711;3712;3730;3735;3736;3745;3758;3782;3786;3950;3955;3960;3969;3978;3983;3988;3997;3998;4006;4010;4011;4030
158,87,2171;2195;2196;2205;2206;2214;2215;2218;2223;2224;2234;2391;2411;2415;2416;2425;2426;2435;2438;2454;2462;2611;2631;2635;2636;2645;2646;2655;2658;2674;2682;2831;2850;2855;2856;2865;2875;2878;2894;2902;3070;3076;3085;3095;3098;3114;3122;3271;3272;3290;3296;3305;3318;3334;3342;3467;3491;3492;3501;3510;3516;3525;3538;3562;3566;3711;3712;3730;3735;3736;3745;3758;3782;3786;3950;3955;3960;3969;3978;3983;3988;3997;3998;4006;4010;4011;4030
159,87,2171;2195;2196;2205;2206;2214;2215;2218;2223;2224;2234;2391;2411;2415;2416;2425;2426;2435;2438;2454;2462;2611;2631;2635;2636;2645;2646;2655;2658;2674;2682;2831;2850;2855;2856;2865;2875;2878;2894;2902;3070;3076;3085;3095;3098;3114;3122;3271;3272;3290;3296;3305;3318;3334;3342;3467;3491;3492;3501;3510;3516;3525;3538;3562;3566;3711;3712;3730;3735;3736;3745;3758;3782;3786;3950;3955;3960;3969;3978;3983;3988;3997;3998;4006;4010;4011;4030
160,87,2171;2195;2196;2205;2206;2214;2215;2218;2223;2224;2234;2391;2411;2415;2416;2425;2426;2435;2438;2454;2462;2611;2631;2635;2636;2645;2646;2655;2658;2674;2682;2831;2850;2855;2856;2865;2875;2878;2894;2902;3070;3076;3085;3095;3098;3114;3122;3271;3272;3290;3296;3305;3318;3334;3342;3467;3491;3492;3501;3510;3516;3525;3538;3562;3566;3711;3712;3730;3735;3736;3745;3758;3782;3786;3950;3955;3960;3969;3978;3983;3988;3997;3998;4006;4010;4011;4030
161,87,2171;2195;2196;2205;2206;2214;2215;2218;2223;2224;2234;2391;2411;2415;2416;2425;2426;2435;2438;2454;2462;2611;2631;2635;2636;2645;2646;2655;2658;2674;2682;2831;2850;2855;2856;2865;2875;2878;2894;2902;3070;3076;3085;3095;3098;3114;3122;3271;3272;3290;3296;3305;3318;3334;3342;3467;3491;3492;3501;3510;3516;3525;3538;3562;3566;3711;3712;3730;3735;3736;3745;3758;3782;3786;3950;3955;3960;3969;3978;3983;3988;3997;3998;4006;4010;4011;4030
162,87,2171;2195;2196;2205;2206;2214;2215;2218;2223;2224;2234;2391;2411;2415;2416;2425;2426;2435;2438;2454;2462;2611;2631;2635;2636;2645;2646;2655;2658;2674;2682;2831;2850;2855;2856;2865;2875;2878;2894;2902;3070;3076;3085;3095;3098;3114;3122;3271;3272;3290;3296;3305;3318;3334;3342;3467;3491;3492;3501;3510;3516;3525;3538;3562;3566;3711;3712;3730;3735;3736;3745;3758;3782;3786;3950;3955;3960;3969;3978;3983;3988;3997;3998;4006;4010;4011;4030
163,87,2171;2195;2196;2205;2206;2214;2215;2218;2223;2224;2234;2391;2411;2415;2416;2425;2426;2435;2438;2454;2462;2611;2631;2635;2636;2645;2646;2655;2658;2674;2682;2831;2850;2855;2856;2865;2875;2878;2894;2902;3070;3076;3085;3095;3098;3114;3122;3271;3272;3290;3296;3305;3318;3334;3342;3467;3491;3492;3501;3510;3516;3525;3538;3562;3566;3711;3712;3730;3735;3736;3745;3758;3782;3786;3950;3955;3960;3969;3978;3983;3988;3997;3998;4006;4010;4011;4030
164,87,2171;2195;2196;2205;2206;2214;2215;2218;2223;2224;2234;2391;2411;2415;2416;2425;2426;2435;2438;2454;2462;2611;2631;2635;2636;2645;2646;2655;2658;2674;2682;2831;2850;2855;2856;2865;2875;2878;2894;2902;3070;3076;3085;3095;3098;3114;3122;3271;3272;3290;3296;3305;3318;3334;3342;3467;3491;3492;3501;3510;3516;3525;3538;3562;3566;3711;3712;3730;3735;3736;3745;3758;3782;3786;3950;3955;3960;3969;3978;3983;3988;3997;3998;4006;4010;4011;4030
165,87,2171;2195;2196;2205;2206;2214;2215;2218;2223;2224;2234;2391;2411;2415;2416;2425;2426;2435;2438;2454;2462;2611;2631;2635;2636;2645;2646;2655;2658;2674;2682;2831;2850;2855;2856;2865;2875;2878;2894;2902;3070;3076;3085;3095;3098;3114;3122;3271;3272;3290;3296;3305;3318;3334;3342;3467;3491;3492;3501;3510;3516;3525;3538;3562;3566;3711;3712;3730;3735;3736;3745;3758;3782;3786;3950;3955;3960;3969;3978;3983;3988;3997;3998;4006;4010;4011;4030
166,87,2171;2195;2196;2205;2206;2214;2215;2218;2223;2224;2234;2391;2411;2415;2416;2425;2426;2435;2438;2454;2462;2611;2631;2635;2636;2645;2646;2655;2658;2674;2682;2831;2850;2855;2856;2865;2875;2878;2894;2902;3070;3076;3085;3095;3098;3114;3122;3271;3272;3290;3296;3305;3318;3334;3342;3467;3491;3492;3501;3510;3516;3525;3538;3562;3566;3711;3712;3730;3735;3736;3745;3758;3782;3786;3950;3955;3960;3969;3978;3983;3988;3997;3998;4006;4010;4011;4030
167,87,2171;2195;2196;2205;2206;2214;2215;2218;2223;2224;2234;2391;2411;2415;2416;2425;2426;2435;2438;2454;2462;2611;2631;2635;2636;2645;2646;2655;2658;2674;2682;2831;2850;2855;2856;2865;2875;2878;2894;2902;3070;3076;3085;3095;3098;3114;3122;3271;3272;3290;3296;3305;3318;3334;3342;3467;3491;3492;3501;3510;3516;3525;3538;3562;3566;3711;3712;3730;3735;3736;3745;3758;3782;3786;3950;3955;3960;3969;3978;3983;3988;3997;3998;4006;4010;4011;4030
168,87,2171;2195;2196;2205;2206;2214;2215;2218;2223;2224;2234;2391;2411;2415;2416;2425;2426;2435;2438;2454;2462;2611;2631;2635;2636;2645;2646;2655;2658;2674;2682;2831;2850;2855;2856;2865;2875;2878;2894;2902;3070;3076;3085;3095;3098;3114;3122;3271;3272;3290;3296;3305;3318;3334;3342;3467;3491;3492;3501;3510;3516;3525;3538;3562;3566;3711;3712;3730;3735;3736;3745;3758;3782;3786;3950;3955;3960;3969;3978;3983;3988;3997;3998;4006;4010;4011;4030
169,87,2171;2195;2196;2205;2206;2214;2215;2218;2223;2224;2234;2391;2411;2415;2416;2425;2426;2435;2438;2454;2462;2611;2631;2635;2636;2645;2646;2655;2658;2674;2682;2831;2850;2855;2856;2865;2875;2878;2894;2902;3070;3076;3085;3095;3098;3114;3122;3271;3272;3290;3296;3305;3318;3334;3342;3467;3491;3492;3501;3510;3516;3525;3538;3562;3566;3711;3712;3730;3735;3736;3745;3758;3782;3786;3950;3955;3960;3969;3978;3983;3988;3997;3998;4006;4010;4011;4030
170,87,2171;2195;2196;2205;2206;2214;2215;2218;2223;2224;2234;2391;2411;2415;2416;2425;2426;2435;2438;2454;2462;2611;2631;2635;2636;2645;2646;2655;2658;2674;2682;2831;2850;2855;2856;2865;2875;2878;2894;2902;3070;3076;3085;3095;3098;3114;3122;3271;3272;3290;3296;3305;3318;3334;3342;3467;3491;3492;3501;3510;3516;3525;3538;3562;3566;3711;3712;3730;3735;3736;3745;3758;3782;3786;3950;3955;3960;3969;3978;3983;3988;3997;3998;4006;4010;4011;4030
171,87,2171;2195;2196;2205;2206;2214;2215;2218;2223;2224;2234;2391;2411;2415;2416;2425;2426;2435;2438;2454;2462;2611;2631;2635;2636;2645;2646;2655;2658;2674;2682;2831;2850;2855;2856;2865;2875;2878;2894;2902;3070;3076;3085;3095;3098;3114;3122;3271;3272;3290;3296;3305;3318;3334;3342;3467;3491;3492;3501;3510;3516;3525;3538;3562;3566;3711;3712;3730;3735;3736;3745;3758;3782;3786;3950;3955;3960;3969;3978;3983;3988;3997;3998;4006;4010;4011;4030
172,87,2171;2195;2196;2205;2206;2214;2215;2218;2223;2224;2234;2391;2411;2415;2416;2425;2426;2435;2438;2454;2462;2611;2631;2635;2636;2645;2646;2655;2658;2674;2682;2831;2850;2855;2856;2865;2875;2878;2894;2902;3070;3076;3085;3095;3098;3114;3122;3271;3272;3290;3296;3305;3318;3334;3342;3467;3491;3492;3501;3510;3516;3525;3538;3562;3566;3711;3712;3730;3735;3736;3745;3758;3782;3786;3950;3955;3960;3969;3978;3983;3988;3997;3998;4006;4010;4011;4030
173,87,2171;2195;2196;2205;2206;2214;2215;2218;2223;2224;2234;2391;2411;2415;2416;2425;2426;2435;2438;2454;2462;2611;2631;2635;2636;2645;2646;2655;2658;2674;2682;2831;2850;2855;2856;2865;2875;2878;2894;2902;3070;3076;3085;3095;3098;3114;3122;3271;3272;3290;3296;3305;3318;3334;3342;3467;3491;3492;3501;3510;3516;3525;3538;3562;3566;3711;3712;3730;3735;3736;3745;3758;3782;3786;3950;3955;3960;3969;3978;3983;3988;3997;3998;4006;4010;4011;4030
174,87,2171;2195;2196;2205;2206;2214;2215;2218;2223;2224;2234;2391;2411;2415;2416;2425;2426;2435;2438;2454;2462;2611;2631;2635;2636;2645;2646;2655;2658;2674;2682;2831;2850;2855;2856;2865;2875;2878;2894;2902;3070;3076;3085;3095;3098;3114;3122;3271;3272;3290;3296;3305;3318;3334;3342;3467;3491;3492;3501;3510;3516;3525;3538;3562;3566;3711;3712;3730;3735;3736;3745;3758;3782;3786;3950;3955;3960;3969;3978;3983;3988;3997;3998;4006;4010;4011;4030
175,87,2171;2195;2196;2205;2206;2214;2215;2218;2223;2224;2234;2391;2411;2415;2416;2425;2426;2435;2438;2454;2462;2611;2631;2635;2636;2645;2646;2655;2658;2674;2682;2831;2850;2855;2856;2865;2875;2878;2894;2902;3070;3076;3085;3095;3098;3114;3122;3271;3272;3290;3296;3305;3318;3334;3342;3467;3491;3492;3501;3510;3516;3525;3538;3562;3566;3711;3712;3730;3735;3736;3745;3758;3782;3786;3950;3955;3960;3969;3978;3983;3988;3997;3998;4006;4010;4011;4030
176,87,2171;2195;2196;2205;2206;2214;2215;2218;2223;2224;2234;2391;2411;2415;2416;2425;2426;2435;2438;2454;2462;2611;2631;2635;2636;2645;2646;2655;2658;2674;2682;2831;2850;2855;2856;2865;2875;2878;2894;2902;3070;3076;3085;3095;3098;3114;3122;3271;3272;3290;3296;3305;3318;3334;3342;3467;3491;3492;3501;3510;3516;3525;3538;3562;3566;3711;3712;3730;3735;3736;3745;3758;3782;3786;3950;3955;3960;3969;3978;3983;3988;3997;3998;4006;4010;4011;4030
177,87,2171;2195;2196;2205;2206;2214;2215;2218;2223;2224;2234;2391;2411;2415;2416;2425;2426;2435;2438;2454;2462;2611;2631;2635;2636;2645;2646;2655;2658;2674;2682;2831;2850;2855;2856;2865;2875;2878;2894;2902;3070;3076;3085;3095;3098;3114;3122;3271;3272;3290;3296;3305;3318;3334;3342;3467;3491;3492;3501;3510;3516;3525;3538;3562;3566;3711;3712;3730;3735;3736;3745;3758;3782;3786;3950;3955;3960;3969;3978;3983;3988;3997;3998;4006;4010;4011;4030
178,87,2171;2195;2196;2205;2206;2214;2215;2218;2223;2224;2234;2391;2411;2415;2416;2425;2426;2435;2438;2454;2462;2611;2631;2635;2636;2645;2646;2655;2658;2674;2682;2831;2850;2855;2856;2865;2875;2878;2894;2902;3070;3076;3085;3095;3098;3114;3122;3271;3272;3290;3296;3305;3318;3334;3342;3467;3491;3492;3501;3510;3516;3525;3538;3562;3566;3711;3712;3730;3735;3736;3745;3758;3782;3786;3950;3955;3960;3969;3978;3983;3988;3997;3998;4006;4010;4011;4030
179,87,2171;2195;2196;2205;2206;2214;2215;2218;2223;2224;2234;2391;2411;2415;2416;2425;2426;2435;2438;2454;2462;2611;2631;2635;2636;2645;2646;2655;2658;2674;2682;2831;2850;2855;2856;2865;2875;2878;2894;2902;3070;3076;3085;3095;3098;3114;3122;3271;3272;3290;3296;3305;3318;3334;3342;3467;3491;3492;3501;3510;3516;3525;3538;3562;3566;3711;3712;3730;3735;3736;3745;3758;3782;3786;3950;3955;3960;3969;3978;3983;3988;3997;3998;4006;4010;4011;4030
180,87,2171;2195;2196;2205;2206;2214;2215;2218;2223;2224;2234;2391;2411;2415;2416;2425;2426;2435;2438;2454;2462;2611;2631;2635;2636;2645;2646;2655;2658;2674;2682;2831;2850;2855;2856;2865;2875;2878;2894;2902;3070;3076;3085;3095;3098;3114;3122;3271;3272;3290;3296;3305;3318;3334;3342;3467;3491;3492;3501;3510;3516;3525;3538;3562;3566;3711;3712;3730;3735;3736;3745;3758;3782;3786;3950;3955;3960;3969;3978;3983;3988;3997;3998;4006;4010;4011;4030
181,87,2171;2195;2196;2205;2206;2214;2215;2218;2223;2224;2234;2391;2411;2415;2416;2425;2426;2435;2438;2454;2462;2611;2631;2635;2636;2645;2646;2655;2658;2674;2682;2831;2850;2855;2856;2865;2875;2878;2894;2902;3070;3076;3085;3095;3098;3114;3122;3271;3272;3290;3296;3305;3318;3334;3342;3467;3491;3492;3501;3510;3516;3525;3538;3562;3566;3711;3712;3730;3735;3736;3745;3758;3782;3786;3950;3955;3960;3969;3978;3983;3988;3997;3998;4006;4010;4011;4030
182,89,2171;2195;2196;2205;2206;2214;2215;2218;2223;2224;2234;2391;2411;2415;2416;2425;2426;2435;2438;2454;2462;2611;2631;2635;2636;2645;2646;2655;2658;2674;2682;2831;2850;2855;2856;2865;2875;2878;2894;2902;3070;3076;3085;3095;3098;3114;3122;3271;3272;3290;3296;3305;3318;3334;3342;3467;3491;3492;3501;3510;3516;3525;3538;3562;3566;3711;3712;3730;3735;3736;3745;3758;3782;3786;3950;3955;3960;3969;3978;3983;3988;3997;3998;4006;4010;4011;4030;5795;5797
183,155,2171;2195;2196;2205;2206;2214;2215;2218;2223;2224;2234;2391;2411;2415;2416;2425;2426;2435;2438;2454;2462;2611;2631;2635;2636;2645;2646;2655;2658;2674;2682;2831;2850;2855;2856;2865;2875;2878;2894;2902;3070;3076;3085;3095;3098;3114;3122;3271;3272;3290;3296;3305;3318;3334;3342;3467;3491;3492;3501;3510;3516;3525;3538;3562;3566;3711;3712;3730;3735;3736;3745;3758;3786;3950;3955;3960;3969;3978;3983;3988;3997;3998;4006;4010;4011;4030;5132;5136;5207;5231;5255;5279;5352;5356;5449;5473;5475;5496;5497;5498;5499;5522;5543;5546;5553;5576;5693;5695;5717;5718;5719;5732;5739;5740;5742;5743;5744;5748;5756;5763;5764;5766;5773;5795;5796;5797;5823;5851;5878;5879;5906;5907;5933;5934;5935;5960;5961;5962;5963;5980;5987;5988;5990;5991;5992;5993;5996;6008;6015;6016;6018;6020;6021;6024;6025
184,140,2171;2195;2196;2205;2206;2214;2215;2218;2223;2224;2234;2391;2411;2415;2416;2425;2426;2435;2438;2454;2462;2611;2631;2635;2636;2645;2646;2655;2658;2674;2682;2831;2850;2855;2856;2865;2875;2878;2894;3070;3076;3085;3095;3098;3114;3271;3272;3290;3296;3305;3318;3334;3491;3538;4398;4423;4425;4593;4617;4618;4619;4632;4642;4643;4648;4656;4663;4669;4673;4687;4696;4813;4837;4839;4852;4863;4868;4879;4883;4888;4889;4893;4907;4916;5033;5057;5059;5081;5083;5084;5088;5103;5109;5113;5127;5136;5231;5255;5277;5279;5292;5299;5301;5303;5304;5308;5316;5323;5333;5336;5347;5356;5497;5524;5528;5543;5546;5553;5567;5576;5732;5739;5744;5748;5756;5763;5773;5796;5797;5980;5987;5992;5993;5996;6008;6015;6020;6021;6024;6025
185,109,2171;2195;2196;2205;2206;2214;2215;2218;2223;2224;2234;2391;2411;2415;2416;2425;2426;2435;2438;2454;2635;2655;2658;4203;4208;4216;4219;4223;4225;4227;4228;4229;4233;4236;4244;4247;4398;4421;4423;4424;4425;4428;4436;4439;4443;4449;4453;4456;4467;4632;4648;4656;4663;4669;4673;4687;4696;4852;4868;4879;4883;4888;4889;4893;4907;4916;5084;5088;5103;5109;5113;5127;5136;5292;5299;5304;5308;5316;5323;5333;5336;5347;5356;5524;5528;5543;5553;5567;5576;5732;5739;5744;5748;5756;5763;5773;5796;5797;5980;5987;5992;5993;5996;6008;6015;6020;6021;6024;6025
186,80,4208;4216;4219;4223;4228;4229;4233;4236;4244;4247;4424;4425;4428;4436;4439;4443;4449;4453;4456;4467;4632;4648;4656;4663;4669;4673;4687;4696;4852;4868;4879;4883;4888;4889;4893;4907;4916;5084;5088;5103;5109;5113;5127;5136;5292;5299;5304;5308;5316;5323;5333;5336;5347;5356;5524;5528;5543;5553;5567;5576;5732;5739;5744;5748;5756;5763;5773;5796;5797;5980;5987;5992;5993;5996;6008;6015;6020;6021;6024;6025
187,80,4208;4216;4219;4223;4228;4229;4233;4236;4244;4247;4424;4425;4428;4436;4439;4443;4449;4453;4456;4467;4632;4648;4656;4663;4669;4673;4687;4696;4852;4868;4879;4883;4888;4889;4893;4907;4916;5084;5088;5103;5109;5113;5127;5136;5292;5299;5304;5308;5316;5323;5333;5336;5347;5356;5524;5528;5543;5553;5567;5576;5732;5739;5744;5748;5756;5763;5773;5796;5797;5980;5987;5992;5993;5996;6008;6015;6020;6021;6024;6025
188,80,4208;4216;4219;4223;4228;4229;4233;4236;4244;4247;4424;4425;4428;4436;4439;4443;4449;4453;4456;4467;4632;4648;4656;4663;4669;4673;4687;4696;4852;4868;4879;4883;4888;4889;4893;4907;4916;5084;5088;5103;5109;5113;5127;5136;5292;5299;5304;5308;5316;5323;5333;5336;5347;5356;5524;5528;5543;5553;5567;5576;5732;5739;5744;5748;5756;5763;5773;5796;5797;5980;5987;5992;5993;5996;6008;6015;6020;6021;6024;6025
189,80,4208;4216;4219;4223;4228;4229;4233;4236;4244;4247;4424;4425;4428;4436;4439;4443;4449;4453;4456;4467;4632;4648;4656;4663;4669;4673;4687;4696;4852;4868;4879;4883;4888;4889;4893;4907;4916;5084;5088;5103;5109;5113;5127;5136;5292;5299;5304;5308;5316;5323;5333;5336;5347;5356;5524;5528;5543;5553;5567;5576;5732;5739;5744;5748;5756;5763;5773;5796;5797;5980;5987;5992;5993;5996;6008;6015;6020;6021;6024;6025
190,80,4208;4216;4219;4223;4228;4229;4233;4236;4244;4247;4424;4425;4428;4436;4439;4443;4449;4453;4456;4467;4632;4648;4656;4663;4669;4673;4687;4696;4852;4868;4879;4883;4888;4889;4893;4907;4916;5084;5088;5103;5109;5113;5127;5136;5292;5299;5304;5308;5316;5323;5333;5336;5347;5356;5524;5528;5543;5553;5567;5576;5732;5739;5744;5748;5756;5763;5773;5796;5797;5980;5987;5992;5993;5996;6008;6015;6020;6021;6024;6025
191,80,4208;4216;4219;4223;4228;4229;4233;4236;4244;4247;4424;4425;4428;4436;4439;4443;4449;4453;4456;4467;4632;4648;4656;4663;4669;4673;4687;4696;4852;4868;4879;4883;4888;4889;4893;4907;4916;5084;5088;5103;5109;5113;5127;5136;5292;5299;5304;5308;5316;5323;5333;5336;5347;5356;5524;5528;5543;5553;5567;5576;5732;5739;5744;5748;5756;5763;5773;5796;5797;5980;5987;5992;5993;5996;6008;6015;6020;6021;6024;6025
192,80,4208;4216;4219;4223;4228;4229;4233;4236;4244;4247;4424;4425;4428;4436;4439;4443;4449;4453;4456;4467;4632;4648;4656;4663;4669;4673;4687;4696;4852;4868;4879;4883;4888;4889;4893;4907;4916;5084;5088;5103;5109;5113;5127;5136;5292;5299;5304;5308;5316;5323;5333;5336;5347;5356;5524;5528;5543;5553;5567;5576;5732;5739;5744;5748;5756;5763;5773;5796;5797;5980;5987;5992;5993;5996;6008;6015;6020;6021;6024;6025
193,80,4208;4216;4219;4223;4228;4229;4233;4236;4244;4247;4424;4425;4428;4436;4439;4443;4449;4453;4456;4467;4632;4648;4656;4663;4669;4673;4687;4696;4852;4868;4879;4883;4888;4889;4893;4907;4916;5084;5088;5103;5109;5113;5127;5136;5292;5299;5304;5308;5316;5323;5333;5336;5347;5356;5524;5528;5543;5553;5567;5576;5732;5739;5744;5748;5756;5763;5773;5796;5797;5980;5987;5992;5993;5996;6008;6015;6020;6021;6024;6025
194,80,4208;4216;4219;4223;4228;4229;4233;4236;4244;4247;4424;4425;4428;4436;4439;4443;4449;4453;4456;4467;4632;4648;4656;4663;4669;4673;4687;4696;4852;4868;4879;4883;4888;4889;4893;4907;4916;5084;5088;5103;5109;5113;5127;5136;5292;5299;5304;5308;5316;5323;5333;5336;5347;5356;5524;5528;5543;5553;5567;5576;5732;5739;5744;5748;5756;5763;5773;5796;5797;5980;5987;5992;5993;5996;6008;6015;6020;6021;6024;6025
195,80,4208;4216;4219;4223;4228;4229;4233;4236;4244;4247;4424;4425;4428;4436;4439;4443;4449;4453;4456;4467;4632;4648;4656;4663;4669;4673;4687;4696;4852;4868;4879;4883;4888;4889;4893;4907;4916;5084;5088;5103;5109;5113;5127;5136;5292;5299;5304;5308;5316;5323;5333;5336;5347;5356;5524;5528;5543;5553;5567;5576;5732;5739;5744;5748;5756;5763;5773;5796;5797;5980;5987;5992;5993;5996;6008;6015;6020;6021;6024;6025
196,80,4208;4216;4219;4223;4228;4229;4233;4236;4244;4247;4424;4425;4428;4436;4439;4443;4449;4453;4456;4467;4632;4648;4656;4663;4669;4673;4687;4696;4852;4868;4879;4883;4888;4889;4893;4907;4916;5084;5088;5103;5109;5113;5127;5136;5292;5299;5304;5308;5316;5323;5333;5336;5347;5356;5524;5528;5543;5553;5567;5576;5732;5739;5744;5748;5756;5763;5773;5796;5797;5980;5987;5992;5993;5996;6008;6015;6020;6021;6024;6025
197,80,4208;4216;4219;4223;4228;4229;4233;4236;4244;4247;4424;4425;4428;4436;4439;4443;4449;4453;4456;4467;4632;4648;4656;4663;4669;4673;4687;4696;4852;4868;4879;4883;4888;4889;4893;4907;4916;5084;5088;5103;5109;5113;5127;5136;5292;5299;5304;5308;5316;5323;5333;5336;5347;5356;5524;5528;5543;5553;5567;5576;5732;5739;5744;5748;5756;5763;5773;5796;5797;5980;5987;5992;5993;5996;6008;6015;6020;6021;6024;6025
198,80,4208;4216;4219;4223;4228;4229;4233;4236;4244;4247;4424;4425;4428;4436;4439;4443;4449;4453;4456;4467;4632;4648;4656;4663;4669;4673;4687;4696;4852;4868;4879;4883;4888;4889;4893;4907;4916;5084;5088;5103;5109;5113;5127;5136;5292;5299;5304;5308;5316;5323;5333;5336;5347;5356;5524;5528;5543;5553;5567;5576;5732;5739;5744;5748;5756;5763;5773;5796;5797;5980;5987;5992;5993;5996;6008;6015;6020;6021;6024;6025
199,80,4208;4216;4219;4223;4228;4229;4233;4236;4244;4247;4424;4425;4428;4436;4439;4443;4449;4453;4456;4467;4632;4648;4656;4663;4669;4673;4687;4696;4852;4868;4879;4883;4888;4889;4893;4907;4916;5084;5088;5103;5109;5113;5127;5136;5292;5299;5304;5308;5316;5323;5333;5336;5347;5356;5524;5528;5543;5553;5567;5576;5732;5739;5744;5748;5756;5763;5773;5796;5797;5980;5987;5992;5993;5996;6008;6015;6020;6021;6024;6025
200,80,4208;4216;4219;4223;4228;4229;4233;4236;4244;4247;4424;4425;4428;4436;4439;4443;4449;4453;4456;4467;4632;4648;4656;4663;4669;4673;4687;4696;4852;4868;4879;4883;4888;4889;4893;4907;4916;5084;5088;5103;5109;5113;5127;5136;5292;5299;5304;5308;5316;5323;5333;5336;5347;5356;5524;5528;5543;5553;5567;5576;5732;5739;5744;5748;5756;5763;5773;5796;5797;5980;5987;5992;5993;5996;6008;6015;6020;6021;6024;6025
201,80,4208;4216;4219;4223;4228;4229;4233;4236;4244;4247;4424;4425;4428;4436;4439;4443;4449;4453;4456;4467;4632;4648;4656;4663;4669;4673;4687;4696;4852;4868;4879;4883;4888;4889;4893;4907;4916;5084;5088;5103;5109;5113;5127;5136;5292;5299;5304;5308;5316;5323;5333;5336;5347;5356;5524;5528;5543;5553;5567;5576;5732;5739;5744;5748;5756;5763;5773;5796;5797;5980;5987;5992;5993;5996;6008;6015;6020;6021;6024;6025
202,80,4208;4216;4219;4223;4228;4229;4233;4236;4244;4247;4424;4425;4428;4436;4439;4443;4449;4453;4456;4467;4632;4648;4656;4663;4669;4673;4687;4696;4852;4868;4879;4883;4888;4889;4893;4907;4916;5084;5088;5103;5109;5113;5127;5136;5292;5299;5304;5308;5316;5323;5333;5336;5347;5356;5524;5528;5543;5553;5567;5576;5732;5739;5744;5748;5756;5763;5773;5796;5797;5980;5987;5992;5993;5996;6008;6015;6020;6021;6024;6025
203,80,4208;4216;4219;4223;4228;4229;4233;4236;4244;4247;4424;4425;4428;4436;4439;4443;4449;4453;4456;4467;4632;4648;4656;4663;4669;4673;4687;4696;4852;4868;4879;4883;4888;4889;4893;4907;4916;5084;5088;5103;5109;5113;5127;5136;5292;5299;5304;5308;5316;5323;5333;5336;5347;5356;5524;5528;5543;5553;5567;5576;5732;5739;5744;5748;5756;5763;5773;5796;5797;5980;5987;5992;5993;5996;6008;6015;6020;6021;6024;6025
204,80,4208;4216;4219;4223;4228;4229;4233;4236;4244;4247;4424;4425;4428;4436;4439;4443;4449;4453;4456;4467;4632;4648;4656;4663;4669;4673;4687;4696;4852;4868;4879;4883;4888;4889;4893;4907;4916;5084;5088;5103;5109;5113;5127;5136;5292;5299;5304;5308;5316;5323;5333;5336;5347;5356;5524;5528;5543;5553;5567;5576;5732;5739;5744;5748;5756;5763;5773;5796;5797;5980;5987;5992;5993;5996;6008;6015;6020;6021;6024;6025
205,80,4208;4216;4219;4223;4228;4229;4233;4236;4244;4247;4424;4425;4428;4436;4439;4443;4449;4453;4456;4467;4632;4648;4656;4663;4669;4673;4687;4696;4852;4868;4879;4883;4888;4889;4893;4907;4916;5084;5088;5103;5109;5113;5127;5136;5292;5299;5304;5308;5316;5323;5333;5336;5347;5356;5524;5528;5543;5553;5567;5576;5732;5739;5744;5748;5756;5763;5773;5796;5797;5980;5987;5992;5993;5996;6008;6015;6020;6021;6024;6025
206,80,4208;4216;4219;4223;4228;4229;4233;4236;4244;4247;4424;4425;4428;4436;4439;4443;4449;4453;4456;4467;4632;4648;4656;4663;4669;4673;4687;4696;4852;4868;4879;4883;4888;4889;4893;4907;4916;5084;5088;5103;5109;5113;5127;5136;5292;5299;5304;5308;5316;5323;5333;5336;5347;5356;5524;5528;5543;5553;5567;5576;5732;5739;5744;5748;5756;5763;5773;5796;5797;5980;5987;5992;5993;5996;6008;6015;6020;6021;6024;6025
207,80,4208;4216;4219;4223;4228;4229;4233;4236;4244;4247;4424;4425;4428;4436;4439;4443;4449;4453;4456;4467;4632;4648;4656;4663;4669;4673;4687;4696;4852;4868;4879;4883;4888;4889;4893;4907;4916;5084;5088;5103;5109;5113;5127;5136;5292;5299;5304;5308;5316;5323;5333;5336;5347;5356;5524;5528;5543;5553;5567;5576;5732;5739;5744;5748;5756;5763;5773;5796;5797;5980;5987;5992;5993;5996;6008;6015;6020;6021;6024;6025
208,80,4208;4216;4219;4223;4228;4229;4233;4236;4244;4247;4424;4425;4428;4436;4439;4443;4449;4453;4456;4467;4632;4648;4656;4663;4669;4673;4687;4696;4852;4868;4879;4883;4888;4889;4893;4907;4916;5084;5088;5103;5109;5113;5127;5136;5292;5299;5304;5308;5316;5323;5333;5336;5347;5356;5524;5528;5543;5553;5567;5576;5732;5739;5744;5748;5756;5763;5773;5796;5797;5980;5987;5992;5993;5996;6008;6015;6020;6021;6024;6025
209,80,4208;4216;4219;4223;4228;4229;4233;4236;4244;4247;4424;4425;4428;4436;4439;4443;4449;4453;4456;4467;4632;4648;4656;4663;4669;4673;4687;4696;4852;4868;4879;4883;4888;4889;4893;4907;4916;5084;5088;5103;5109;5113;5127;5136;5292;5299;5304;5308;5316;5323;5333;5336;5347;5356;5524;5528;5543;5553;5567;5576;5732;5739;5744;5748;5756;5763;5773;5796;5797;5980;5987;5992;5993;5996;6008;6015;6020;6021;6024;6025
210,80,4208;4216;4219;4223;4228;4229;4233;4236;4244;4247;4424;4425;4428;4436;4439;4443;4449;4453;4456;4467;4632;4648;4656;4663;4669;4673;4687;4696;4852;4868;4879;4883;4888;4889;4893;4907;4916;5084;5088;5103;5109;5113;5127;5136;5292;5299;5304;5308;5316;5323;5333;5336;5347;5356;5524;5528;5543;5553;5567;5576;5732;5739;5744;5748;5756;5763;5773;5796;5797;5980;5987;5992;5993;5996;6008;6015;6020;6021;6024;6025
211,80,4208;4216;4219;4223;4228;4229;4233;4236;4244;4247;4424;4425;4428;4436;4439;4443;4449;4453;4456;4467;4632;4648;4656;4663;4669;4673;4687;4696;4852;4868;4879;4883;4888;4889;4893;4907;4916;5084;5088;5103;5109;5113;5127;5136;5292;5299;5304;5308;5316;5323;5333;5336;5347;5356;5524;5528;5543;5553;5567;5576;5732;5739;5744;5748;5756;5763;5773;5796;5797;5980;5987;5992;5993;5996;6008;6015;6020;6021;6024;6025
212,80,4208;4216;4219;4223;4228;4229;4233;4236;4244;4247;4424;4425;4428;4436;4439;4443;4449;4453;4456;4467;4632;4648;4656;4663;4669;4673;4687;4696;4852;4868;4879;4883;4888;4889;4893;4907;4916;5084;5088;5103;5109;5113;5127;5136;5292;5299;5304;5308;5316;5323;5333;5336;5347;5356;5524;5528;5543;5553;5567;5576;5732;5739;5744;5748;5756;5763;5773;5796;5797;5980;5987;5992;5993;5996;6008;6015;6020;6021;6024;6025
213,80,4208;4216;4219;4223;4228;4229;4233;4236;4244;4247;4424;4425;4428;4436;4439;4443;4449;4453;4456;4467;4632;4648;4656;4663;4669;4673;4687;4696;4852;4868;4879;4883;4888;4889;4893;4907;4916;5084;5088;5103;5109;5113;5127;5136;5292;5299;5304;5308;5316;5323;5333;5336;5347;5356;5524;5528;5543;5553;5567;5576;5732;5739;5744;5748;5756;5763;5773;5796;5797;5980;5987;5992;5993;5996;6008;6015;6020;6021;6024;6025
214,80,4208;4216;4219;4223;4228;4229;4233;4236;4244;4247;4424;4425;4428;4436;4439;4443;4449;4453;4456;4467;4632;4648;4656;4663;4669;4673;4687;4696;4852;4868;4879;4883;4888;4889;4893;4907;4916;5084;5088;5103;5109;5113;5127;5136;5292;5299;5304;5308;5316;5323;5333;5336;5347;5356;5524;5528;5543;5553;5567;5576;5732;5739;5744;5748;5756;5763;5773;5796;5797;5980;5987;5992;5993;5996;6008;6015;6020;6021;6024;6025
215,80,4208;4216;4219;4223;4228;4229;4233;4236;4244;4247;4424;4425;4428;4436;4439;4443;4449;4453;4456;4467;4632;4648;4656;4663;4669;4673;4687;4696;4852;4868;4879;4883;4888;4889;4893;4907;4916;5084;5088;5103;5109;5113;5127;5136;5292;5299;5304;5308;5316;5323;5333;5336;5347;5356;5524;5528;5543;5553;5567;5576;5732;5739;5744;5748;5756;5763;5773;5796;5797;5980;5987;5992;5993;5996;6008;6015;6020;6021;6024;6025
216,80,4208;4216;4219;4223;4228;4229;4233;4236;4244;4247;4424;4425;4428;4436;4439;4443;4449;4453;4456;4467;4632;4648;4656;4663;4669;4673;4687;4696;4852;4868;4879;4883;4888;4889;4893;4907;4916;5084;5088;5103;5109;5113;5127;5136;5292;5299;5304;5308;5316;5323;5333;5336;5347;5356;5524;5528;5543;5553;5567;5576;5732;5739;5744;5748;5756;5763;5773;5796;5797;5980;5987;5992;5993;5996;6008;6015;6020;6021;6024;6025
217,80,4208;4216;4219;4223;4228;4229;4233;4236;4244;4247;4424;4425;4428;4436;4439;4443;4449;4453;4456;4467;4632;4648;4656;4663;4669;4673;4687;4696;4852;4868;4879;4883;4888;4889;4893;4907;4916;5084;5088;5103;5109;5113;5127;5136;5292;5299;5304;5308;5316;5323;5333;5336;5347;5356;5524;5528;5543;5553;5567;5576;5732;5739;5744;5748;5756;5763;5773;5796;5797;5980;5987;5992;5993;5996;6008;6015;6020;6021;6024;6025
218,80,4208;4216;4219;4223;4228;4229;4233;4236;4244;4247;4424;4425;4428;4436;4439;4443;4449;4453;4456;4467;4632;4648;4656;4663;4669;4673;4687;4696;4852;4868;4879;4883;4888;4889;4893;4907;4916;5084;5088;5103;5109;5113;5127;5136;5292;5299;5304;5308;5316;5323;5333;5336;5347;5356;5524;5528;5543;5553;5567;5576;5732;5739;5744;5748;5756;5763;5773;5796;5797;5980;5987;5992;5993;5996;6008;6015;6020;6021;6024;6025
219,80,4208;4216;4219;4223;4228;4229;4233;4236;4244;4247;4424;4425;4428;4436;4439;4443;4449;4453;4456;4467;4632;4648;4656;4663;4669;4673;4687;4696;4852;4868;4879;4883;4888;4889;4893;4907;4916;5084;5088;5103;5109;5113;5127;5136;5292;5299;5304;5308;5316;5323;5333;5336;5347;5356;5524;5528;5543;5553;5567;5576;5732;5739;5744;5748;5756;5763;5773;5796;5797;5980;5987;5992;5993;5996;6008;6015;6020;6021;6024;6025
220,80,4208;4216;4219;4223;4228;4229;4233;4236;4244;4247;4424;4425;4428;4436;4439;4443;4449;4453;4456;4467;4632;4648;4656;4663;4669;4673;4687;4696;4852;4868;4879;4883;4888;4889;4893;4907;4916;5084;5088;5103;5109;5113;5127;5136;5292;5299;5304;5308;5316;5323;5333;5336;5347;5356;5524;5528;5543;5553;5567;5576;5732;5739;5744;5748;5756;5763;5773;5796;5797;5980;5987;5992;5993;5996;6008;6015;6020;6021;6024;6025
221,80,4208;4216;4219;4223;4228;4229;4233;4236;4244;4247;4424;4425;4428;4436;4439;4443;4449;4453;4456;4467;4632;4648;4656;4663;4669;4673;4687;4696;4852;4868;4879;4883;4888;4889;4893;4907;4916;5084;5088;5103;5109;5113;5127;5136;5292;5299;5304;5308;5316;5323;5333;5336;5347;5356;5524;5528;5543;5553;5567;5576;5732;5739;5744;5748;5756;5763;5773;5796;5797;5980;5987;5992;5993;5996;6008;6015;6020;6021;6024;6025
222,103,4208;4216;4219;4223;4228;4229;4233;4236;4244;4247;4424;4425;4428;4436;4439;4443;4449;4453;4456;4467;4632;4648;4656;4663;4669;4673;4687;4696;4852;4868;4879;4883;4888;4889;4893;4907;4916;5084;5088;5103;5109;5113;5127;5136;5292;5299;5304;5308;5316;5323;5333;5336;5347;5356;5358;5366;5524;5528;5543;5553;5567;5576;5578;5732;5739;5744;5748;5756;5763;5773;5796;5797;5798;5813;5869;5894;5897;5922;5925;5950;5951;5953;5966;5976;5978;5979;5980;5981;5987;5992;5993;5996;6006;6008;6009;6014;6015;6020;6021;6024;6025;6038;6046
223,148,4208;4216;4219;4223;4228;4229;4233;4236;4244;4247;4424;4425;4428;4436;4439;4443;4449;4453;4456;4467;4632;4648;4656;4663;4669;4673;4687;4696;4829;4852;4853;4868;4879;4883;4888;4889;4893;4907;4916;4918;5049;5066;5067;5071;5073;5084;5086;5088;5092;5095;5103;5109;5111;5113;5120;5127;5130;5136;5138;5142;5269;5287;5291;5292;5293;5297;5299;5304;5306;5308;5311;5312;5316;5323;5331;5333;5334;5336;5340;5342;5347;5348;5350;5358;5507;5508;5511;5513;5517;5524;5526;5528;5532;5541;5543;5553;5554;5567;5568;5570;5578;5732;5733;5739;5744;5746;5748;5751;5752;5755;5756;5757;5761;5763;5770;5773;5774;5790;5798;5951;5966;5971;5976;5979;5980;5981;5985;5992;5993;5994;5996;6004;6006;6007;6008;6009;6013;6014;6020;6021;6022;6024;6025;6026;6027;6038;6044;6046
224,134,4101;4208;4211;4212;4216;4217;4219;4222;4223;4228;4229;4230;4231;4233;4234;4235;4236;4239;4240;4244;4245;4247;4249;4250;4424;4425;4428;4432;4436;4437;4439;4441;4442;4443;4449;4451;4453;4454;4456;4463;4467;4470;4632;4633;4646;4648;4651;4652;4656;4657;4662;4663;4669;4671;4673;4674;4683;4687;4690;4829;4847;4852;4853;4866;4868;4871;4872;4877;4879;4881;4883;4888;4889;4891;4893;4903;4907;4910;4918;5066;5067;5086;5088;5091;5092;5095;5101;5111;5113;5114;5120;5127;5130;5138;5142;5287;5297;5306;5311;5312;5331;5334;5340;5350;5358;5507;5508;5517;5526;5532;5541;5554;5570;5578;5746;5751;5752;5761;5770;5774;5790;5798;5966;5971;5976;5985;5994;6004;6013;6014;6022;6026;6027;6046
225,84,4101;4211;4212;4222;4230;4231;4234;4235;4239;4240;4249;4250;4432;4441;4442;4451;4454;4470;4646;4651;4652;4662;4671;4674;4690;4847;4866;4871;4872;4881;4891;4910;4918;5066;5067;5086;5091;5092;5101;5111;5114;5120;5130;5138;5142;5287;5297;5306;5311;5312;5331;5334;5340;5350;5358;5507;5508;5517;5526;5532;5541;5554;5570;5578;5746;5751;5752;5761;5770;5774;5790;5798;5966;5971;5976;5985;5994;6004;6013;6014;6022;6026;6027;6046
226,84,4101;4211;4212;4222;4230;4231;4234;4235;4239;4240;4249;4250;4432;4441;4442;4451;4454;4470;4646;4651;4652;4662;4671;4674;4690;4847;4866;4871;4872;4881;4891;4910;4918;5066;5067;5086;5091;5092;5101;5111;5114;5120;5130;5138;5142;5287;5297;5306;5311;5312;5331;5334;5340;5350;5358;5507;5508;5517;5526;5532;5541;5554;5570;5578;5746;5751;5752;5761;5770;5774;5790;5798;5966;5971;5976;5985;5994;6004;6013;6014;6022;6026;6027;6046
227,84,4101;4211;4212;4222;4230;4231;4234;4235;4239;4240;4249;4250;4432;4441;4442;4451;4454;4470;4646;4651;4652;4662;4671;4674;4690;4847;4866;4871;4872;4881;4891;4910;4918;5066;5067;5086;5091;5092;5101;5111;5114;5120;5130;5138;5142;5287;5297;5306;5311;5312;5331;5334;5340;5350;5358;5507;5508;5517;5526;5532;5541;5554;5570;5578;5746;5751;5752;5761;5770;5774;5790;5798;5966;5971;5976;5985;5994;6004;6013;6014;6022;6026;6027;6046
228,84,4101;4211;4212;4222;4230;4231;4234;4235;4239;4240;4249;4250;4432;4441;4442;4451;4454;4470;4646;4651;4652;4662;4671;4674;4690;4847;4866;4871;4872;4881;4891;4910;4918;5066;5067;5086;5091;5092;5101;5111;5114;5120;5130;5138;5142;5287;5297;5306;5311;5312;5331;5334;5340;5350;5358;5507;5508;5517;5526;5532;5541;5554;5570;5578;5746;5751;5752;5761;5770;5774;5790;5798;5966;5971;5976;5985;5994;6004;6013;6014;6022;6026;6027;6046
229,84,4101;4211;4212;4222;4230;4231;4234;4235;4239;4240;4249;4250;4432;4441;4442;4451;4454;4470;4646;4651;4652;4662;4671;4674;4690;4847;4866;4871;4872;4881;4891;4910;4918;5066;5067;5086;5091;5092;5101;5111;5114;5120;5130;5138;5142;5287;5297;5306;5311;5312;5331;5334;5340;5350;5358;5507;5508;5517;5526;5532;5541;5554;5570;5578;5746;5751;5752;5761;5770;5774;5790;5798;5966;5971;5976;5985;5994;6004;6013;6014;6022;6026;6027;6046
230,84,4101;4211;4212;4222;4230;4231;4234;4235;4239;4240;4249;4250;4432;4441;4442;4451;4454;4470;4646;4651;4652;4662;4671;4674;4690;4847;4866;4871;4872;4881;4891;4910;4918;5066;5067;5086;5091;5092;5101;5111;5114;5120;5130;5138;5142;5287;5297;5306;5311;5312;5331;5334;5340;5350;5358;5507;5508;5517;5526;5532;5541;5554;5570;5578;5746;5751;5752;5761;5770;5774;5790;5798;5966;5971;5976;5985;5994;6004;6013;6014;6022;6026;6027;6046
231,84,4101;4211;4212;4222;4230;4231;4234;4235;4239;4240;4249;4250;4432;4441;4442;4451;4454;4470;4646;4651;4652;4662;4671;4674;4690;4847;4866;4871;4872;4881;4891;4910;4918;5066;5067;5086;5091;5092;5101;5111;5114;5120;5130;5138;5142;5287;5297;5306;5311;5312;5331;5334;5340;5350;5358;5507;5508;5517;5526;5532;5541;5554;5570;5578;5746;5751;5752;5761;5770;5774;5790;5798;5966;5971;5976;5985;5994;6004;6013;6014;6022;6026;6027;6046
232,84,4101;4211;4212;4222;4230;4231;4234;4235;4239;4240;4249;4250;4432;4441;4442;4451;4454;4470;4646;4651;4652;4662;4671;4674;4690;4847;4866;4871;4872;4881;4891;4910;4918;5066;5067;5086;5091;5092;5101;5111;5114;5120;5130;5138;5142;5287;5297;5306;5311;5312;5331;5334;5340;5350;5358;5507;5508;5517;5526;5532;5541;5554;5570;5578;5746;5751;5752;5761;5770;5774;5790;5798;5966;5971;5976;5985;5994;6004;6013;6014;6022;6026;6027;6046
233,84,4101;4211;4212;4222;4230;4231;4234;4235;4239;4240;4249;4250;4432;4441;4442;4451;4454;4470;4646;4651;4652;4662;4671;4674;4690;4847;4866;4871;4872;4881;4891;4910;4918;5066;5067;5086;5091;5092;5101;5111;5114;5120;5130;5138;5142;5287;5297;5306;5311;5312;5331;5334;5340;5350;5358;5507;5508;5517;5526;5532;5541;5554;5570;5578;5746;5751;5752;5761;5770;5774;5790;5798;5966;5971;5976;5985;5994;6004;6013;6014;6022;6026;6027;6046
234,84,4101;4211;4212;4222;4230;4231;4234;4235;4239;4240;4249;4250;4432;4441;4442;4451;4454;4470;4646;4651;4652;4662;4671;4674;4690;4847;4866;4871;4872;4881;4891;4910;4918;5066;5067;5086;5091;5092;5101;5111;5114;5120;5130;5138;5142;5287;5297;5306;5311;5312;5331;5334;5340;5350;5358;5507;5508;5517;5526;5532;5541;5554;5570;5578;5746;5751;5752;5761;5770;5774;5790;5798;5966;5971;5976;5985;5994;6004;6013;6014;6022;6026;6027;6046
235,84,4101;4211;4212;4222;4230;4231;4234;4235;4239;4240;4249;4250;4432;4441;4442;4451;4454;4470;4646;4651;4652;4662;4671;4674;4690;4847;4866;4871;4872;4881;4891;4910;4918;5066;5067;5086;5091;5092;5101;5111;5114;5120;5130;5138;5142;5287;5297;5306;5311;5312;5331;5334;5340;5350;5358;5507;5508;5517;5526;5532;5541;5554;5570;5578;5746;5751;5752;5761;5770;5774;5790;5798;5966;5971;5976;5985;5994;6004;6013;6014;6022;6026;6027;6046
236,84,4101;4211;4212;4222;4230;4231;4234;4235;4239;4240;4249;4250;4432;4441;4442;4451;4454;4470;4646;4651;4652;4662;4671;4674;4690;4847;4866;4871;4872;4881;4891;4910;4918;5066;5067;5086;5091;5092;5101;5111;5114;5120;5130;5138;5142;5287;5297;5306;5311;5312;5331;5334;5340;5350;5358;5507;5508;5517;5526;5532;5541;5554;5570;5578;5746;5751;5752;5761;5770;5774;5790;5798;5966;5971;5976;5985;5994;6004;6013;6014;6022;6026;6027;6046
237,84,4101;4211;4212;4222;4230;4231;4234;4235;4239;4240;4249;4250;4432;4441;4442;4451;4454;4470;4646;4651;4652;4662;4671;4674;4690;4847;4866;4871;4872;4881;4891;4910;4918;5066;5067;5086;5091;5092;5101;5111;5114;5120;5130;5138;5142;5287;5297;5306;5311;5312;5331;5334;5340;5350;5358;5507;5508;5517;5526;5532;5541;5554;5570;5578;5746;5751;5752;5761;5770;5774;5790;5798;5966;5971;5976;5985;5994;6004;6013;6014;6022;6026;6027;6046
238,84,4101;4211;4212;4222;4230;4231;4234;4235;4239;4240;4249;4250;4432;4441;4442;4451;4454;4470;4646;4651;4652;4662;4671;4674;4690;4847;4866;4871;4872;4881;4891;4910;4918;5066;5067;5086;5091;5092;5101;5111;5114;5120;5130;5138;5142;5287;5297;5306;5311;5312;5331;5334;5340;5350;5358;5507;5508;5517;5526;5532;5541;5554;5570;5578;5746;5751;5752;5761;5770;5774;5790;5798;5966;5971;5976;5985;5994;6004;6013;6014;6022;6026;6027;6046
239,84,4101;4211;4212;4222;4230;4231;4234;4235;4239;4240;4249;4250;4432;4441;4442;4451;4454;4470;4646;4651;4652;4662;4671;4674;4690;4847;4866;4871;4872;4881;4891;4910;4918;5066;5067;5086;5091;5092;5101;5111;5114;5120;5130;5138;5142;5287;5297;5306;5311;5312;5331;5334;5340;5350;5358;5507;5508;5517;5526;5532;5541;5554;5570;5578;5746;5751;5752;5761;5770;5774;5790;5798;5966;5971;5976;5985;5994;6004;6013;6014;6022;6026;6027;6046
240,84,4101;4211;4212;4222;4230;4231;4234;4235;4239;4240;4249;4250;4432;4441;4442;4451;4454;4470;4646;4651;4652;4662;4671;4674;4690;4847;4866;4871;4872;4881;4891;4910;4918;5066;5067;5086;5091;5092;5101;5111;5114;5120;5130;5138;5142;5287;5297;5306;5311;5312;5331;5334;5340;5350;5358;5507;5508;5517;5526;5532;5541;5554;5570;5578;5746;5751;5752;5761;5770;5774;5790;5798;5966;5971;5976;5985;5994;6004;6013;6014;6022;6026;6027;6046
241,84,4101;4211;4212;4222;4230;4231;4234;4235;4239;4240;4249;4250;4432;4441;4442;4451;4454;4470;4646;4651;4652;4662;4671;4674;4690;4847;4866;4871;4872;4881;4891;4910;4918;5066;5067;5086;5091;5092;5101;5111;5114;5120;5130;5138;5142;5287;5297;5306;5311;5312;5331;5334;5340;5350;5358;5507;5508;5517;5526;5532;5541;5554;5570;5578;5746;5751;5752;5761;5770;5774;5790;5798;5966;5971;5976;5985;5994;6004;6013;6014;6022;6026;6027;6046
242,84,4101;4211;4212;4222;4230;4231;4234;4235;4239;4240;4249;4250;4432;4441;4442;4451;4454;4470;4646;4651;4652;4662;4671;4674;4690;4847;4866;4871;4872;4881;4891;4910;4918;5066;5067;5086;5091;5092;5101;5111;5114;5120;5130;5138;5142;5287;5297;5306;5311;5312;5331;5334;5340;5350;5358;5507;5508;5517;5526;5532;5541;5554;5570;5578;5746;5751;5752;5761;5770;5774;5790;5798;5966;5971;5976;5985;5994;6004;6013;6014;6022;6026;6027;6046
243,84,4101;4211;4212;4222;4230;4231;4234;4235;4239;4240;4249;4250;4432;4441;4442;4451;4454;4470;4646;4651;4652;4662;4671;4674;4690;4847;4866;4871;4872;4881;4891;4910;4918;5066;5067;5086;5091;5092;5101;5111;5114;5120;5130;5138;5142;5287;5297;5306;5311;5312;5331;5334;5340;5350;5358;5507;5508;5517;5526;5532;5541;5554;5570;5578;5746;5751;5752;5761;5770;5774;5790;5798;5966;5971;5976;5985;5994;6004;6013;6014;6022;6026;6027;6046
244,84,4101;4211;4212;4222;4230;4231;4234;4235;4239;4240;4249;4250;4432;4441;4442;4451;4454;4470;4646;4651;4652;4662;4671;4674;4690;4847;4866;4871;4872;4881;4891;4910;4918;5066;5067;5086;5091;5092;5101;5111;5114;5120;5130;5138;5142;5287;5297;5306;5311;5312;5331;5334;5340;5350;5358;5507;5508;5517;5526;5532;5541;5554;5570;5578;5746;5751;5752;5761;5770;5774;5790;5798;5966;5971;5976;5985;5994;6004;6013;6014;6022;6026;6027;6046
245,84,4101;4211;4212;4222;4230;4231;4234;4235;4239;4240;4249;4250;4432;4441;4442;4451;4454;4470;4646;4651;4652;4662;4671;4674;4690;4847;4866;4871;4872;4881;4891;4910;4918;5066;5067;5086;5091;5092;5101;5111;5114;5120;5130;5138;5142;5287;5297;5306;5311;5312;5331;5334;5340;5350;5358;5507;5508;5517;5526;5532;5541;5554;5570;5578;5746;5751;5752;5761;5770;5774;5790;5798;5966;5971;5976;5985;5994;6004;6013;6014;6022;6026;6027;6046
246,84,4101;4211;4212;4222;4230;4231;4234;4235;4239;4240;4249;4250;4432;4441;4442;4451;4454;4470;4646;4651;4652;4662;4671;4674;4690;4847;4866;4871;4872;4881;4891;4910;4918;5066;5067;5086;5091;5092;5101;5111;5114;5120;5130;5138;5142;5287;5297;5306;5311;5312;5331;5334;5340;5350;5358;5507;5508;5517;5526;5532;5541;5554;5570;5578;5746;5751;5752;5761;5770;5774;5790;5798;5966;5971;5976;5985;5994;6004;6013;6014;6022;6026;6027;6046
247,84,4101;4211;4212;4222;4230;4231;4234;4235;4239;4240;4249;4250;4432;4441;4442;4451;4454;4470;4646;4651;4652;4662;4671;4674;4690;4847;4866;4871;4872;4881;4891;4910;4918;5066;5067;5086;5091;5092;5101;5111;5114;5120;5130;5138;5142;5287;5297;5306;5311;5312;5331;5334;5340;5350;5358;5507;5508;5517;5526;5532;5541;5554;5570;5578;5746;5751;5752;5761;5770;5774;5790;5798;5966;5971;5976;5985;5994;6004;6013;6014;6022;6026;6027;6046
248,84,4101;4211;4212;4222;4230;4231;4234;4235;4239;4240;4249;4250;4432;4441;4442;4451;4454;4470;4646;4651;4652;4662;4671;4674;4690;4847;4866;4871;4872;4881;4891;4910;4918;5066;5067;5086;5091;5092;5101;5111;5114;5120;5130;5138;5142;5287;5297;5306;5311;5312;5331;5334;5340;5350;5358;5507;5508;5517;5526;5532;5541;5554;5570;5578;5746;5751;5752;5761;5770;5774;5790;5798;5966;5971;5976;5985;5994;6004;6013;6014;6022;6026;6027;6046
249,84,4101;4211;4212;4222;4230;4231;4234;4235;4239;4240;4249;4250;4432;4441;4442;4451;4454;4470;4646;4651;4652;4662;4671;4674;4690;4847;4866;4871;4872;4881;4891;4910;4918;5066;5067;5086;5091;5092;5101;5111;5114;5120;5130;5138;5142;5287;5297;5306;5311;5312;5331;5334;5340;5350;5358;5507;5508;5517;5526;5532;5541;5554;5570;5578;5746;5751;5752;5761;5770;5774;5790;5798;5966;5971;5976;5985;5994;6004;6013;6014;6022;6026;6027;6046
250,84,4101;4211;4212;4222;4230;4231;4234;4235;4239;4240;4249;4250;4432;4441;4442;4451;4454;4470;4646;4651;4652;4662;4671;4674;4690;4847;4866;4871;4872;4881;4891;4910;4918;5066;5067;5086;5091;5092;5101;5111;5114;5120;5130;5138;5142;5287;5297;5306;5311;5312;5331;5334;5340;5350;5358;5507;5508;5517;5526;5532;5541;5554;5570;5578;5746;5751;5752;5761;5770;5774;5790;5798;5966;5971;5976;5985;5994;6004;6013;6014;6022;6026;6027;6046
251,84,4101;4211;4212;4222;4230;4231;4234;4235;4239;4240;4249;4250;4432;4441;4442;4451;4454;4470;4646;4651;4652;4662;4671;4674;4690;4847;4866;4871;4872;4881;4891;4910;4918;5066;5067;5086;5091;5092;5101;5111;5114;5120;5130;5138;5142;5287;5297;5306;5311;5312;5331;5334;5340;5350;5358;5507;5508;5517;5526;5532;5541;5554;5570;5578;5746;5751;5752;5761;5770;5774;5790;5798;5966;5971;5976;5985;5994;6004;6013;6014;6022;6026;6027;6046
252,84,4101;4211;4212;4222;4230;4231;4234;4235;4239;4240;4249;4250;4432;4441;4442;4451;4454;4470;4646;4651;4652;4662;4671;4674;4690;4847;4866;4871;4872;4881;4891;4910;4918;5066;5067;5086;5091;5092;5101;5111;5114;5120;5130;5138;5142;5287;5297;5306;5311;5312;5331;5334;5340;5350;5358;5507;5508;5517;5526;5532;5541;5554;5570;5578;5746;5751;5752;5761;5770;5774;5790;5798;5966;5971;5976;5985;5994;6004;6013;6014;6022;6026;6027;6046
253,84,4101;4211;4212;4222;4230;4231;4234;4235;4239;4240;4249;4250;4432;4441;4442;4451;4454;4470;4646;4651;4652;4662;4671;4674;4690;4847;4866;4871;4872;4881;4891;4910;4918;5066;5067;5086;5091;5092;5101;5111;5114;5120;5130;5138;5142;5287;5297;5306;5311;5312;5331;5334;5340;5350;5358;5507;5508;5517;5526;5532;5541;5554;5570;5578;5746;5751;5752;5761;5770;5774;5790;5798;5966;5971;5976;5985;5994;6004;6013;6014;6022;6026;6027;6046
254,84,4101;4211;4212;4222;4230;4231;4234;4235;4239;4240;4249;4250;4432;4441;4442;4451;4454;4470;4646;4651;4652;4662;4671;4674;4690;4847;4866;4871;4872;4881;4891;4910;4918;5066;5067;5086;5091;5092;5101;5111;5114;5120;5130;5138;5142;5287;5297;5306;5311;5312;5331;5334;5340;5350;5358;5507;5508;5517;5526;5532;5541;5554;5570;5578;5746;5751;5752;5761;5770;5774;5790;5798;5966;5971;5976;5985;5994;6004;6013;6014;6022;6026;6027;6046
255,84,4101;4211;4212;4222;4230;4231;4234;4235;4239;4240;4249;4250;4432;4441;4442;4451;4454;4470;4646;4651;4652;4662;4671;4674;4690;4847;4866;4871;4872;4881;4891;4910;4918;5066;5067;5086;5091;5092;5101;5111;5114;5120;5130;5138;5142;5287;5297;5306;5311;5312;5331;5334;5340;5350;5358;5507;5508;5517;5526;5532;5541;5554;5570;5578;5746;5751;5752;5761;5770;5774;5790;5798;5966;5971;5976;5985;5994;6004;6013;6014;6022;6026;6027;6046
256,84,4101;4211;4212;4222;4230;4231;4234;4235;4239;4240;4249;4250;4432;4441;4442;4451;4454;4470;4646;4651;4652;4662;4671;4674;4690;4847;4866;4871;4872;4881;4891;4910;4918;5066;5067;5086;5091;5092;5101;5111;5114;5120;5130;5138;5142;5287;5297;5306;5311;5312;5331;5334;5340;5350;5358;5507;5508;5517;5526;5532;5541;5554;5570;5578;5746;5751;5752;5761;5770;5774;5790;5798;5966;5971;5976;5985;5994;6004;6013;6014;6022;6026;6027;6046
257,84,4101;4211;4212;4222;4230;4231;4234;4235;4239;4240;4249;4250;4432;4441;4442;4451;4454;4470;4646;4651;4652;4662;4671;4674;4690;4847;4866;4871;4872;4881;4891;4910;4918;5066;5067;5086;5091;5092;5101;5111;5114;5120;5130;5138;5142;5287;5297;5306;5311;5312;5331;5334;5340;5350;5358;5507;5508;5517;5526;5532;5541;5554;5570;5578;5746;5751;5752;5761;5770;5774;5790;5798;5966;5971;5976;5985;5994;6004;6013;6014;6022;6026;6027;6046
258,84,4101;4211;4212;4222;4230;4231;4234;4235;4239;4240;4249;4250;4432;4441;4442;4451;4454;4470;4646;4651;4652;4662;4671;4674;4690;4847;4866;4871;4872;4881;4891;4910;4918;5066;5067;5086;5091;5092;5101;5111;5114;5120;5130;5138;5142;5287;5297;5306;5311;5312;5331;5334;5340;5350;5358;5507;5508;5517;5526;5532;5541;5554;5570;5578;5746;5751;5752;5761;5770;5774;5790;5798;5966;5971;5976;5985;5994;6004;6013;6014;6022;6026;6027;6046
259,84,4101;4211;4212;4222;4230;4231;4234;4235;4239;4240;4249;4250;4432;4441;4442;4451;4454;4470;4646;4651;4652;4662;4671;4674;4690;4847;4866;4871;4872;4881;4891;4910;4918;5066;5067;5086;5091;5092;5101;5111;5114;5120;5130;5138;5142;5287;5297;5306;5311;5312;5331;5334;5340;5350;5358;5507;5508;5517;5526;5532;5541;5554;5570;5578;5746;5751;5752;5761;5770;5774;5790;5798;5966;5971;5976;5985;5994;6004;6013;6014;6022;6026;6027;6046
260,84,4101;4211;4212;4222;4230;4231;4234;4235;4239;4240;4249;4250;4432;4441;4442;4451;4454;4470;4646;4651;4652;4662;4671;4674;4690;4847;4866;4871;4872;4881;4891;4910;4918;5066;5067;5086;5091;5092;5101;5111;5114;5120;5130;5138;5142;5287;5297;5306;5311;5312;5331;5334;5340;5350;5358;5507;5508;5517;5526;5532;5541;5554;5570;5578;5746;5751;5752;5761;5770;5774;5790;5798;5966;5971;5976;5985;5994;6004;6013;6014;6022;6026;6027;6046
261,86,4101;4211;4212;4222;4230;4231;4234;4235;4239;4240;4249;4250;4432;4441;4442;4451;4454;4470;4646;4651;4652;4662;4671;4674;4690;4847;4866;4871;4872;4881;4891;4910;4918;5066;5067;5086;5091;5092;5101;5111;5114;5120;5130;5138;5142;5287;5297;5306;5311;5312;5331;5334;5340;5350;5358;5507;5508;5517;5526;5532;5541;5554;5570;5578;5746;5751;5752;5761;5770;5774;5790;5798;5966;5971;5976;5985;5994;6004;6013;6014;6022;6026;6027;6046;7811;7813
262,128,4101;4211;4212;4222;4230;4231;4234;4235;4239;4240;4249;4250;4432;4441;4442;4451;4454;4470;4646;4651;4652;4662;4671;4674;4690;4847;4866;4871;4872;4881;4891;4910;4918;5066;5067;5086;5091;5092;5101;5111;5114;5120;5130;5138;5142;5287;5297;5306;5311;5312;5331;5334;5340;5350;5358;5507;5508;5517;5526;5532;5541;5554;5570;5578;5746;5751;5752;5761;5770;5774;5790;5966;5971;5976;5985;5994;6004;6013;6014;6022;6026;6027;6046;7152;7225;7372;7489;7513;7515;7537;7539;7559;7565;7569;7592;7709;7733;7735;7755;7759;7760;7764;7779;7782;7789;7811;7812;7813;7949;7950;7951;7975;7977;7978;7979;7996;8003;8006;8007;8012;8024;8031;8032;8034;8036;8037;8041;8059
263,127,4101;4211;4212;4222;4230;4231;4234;4235;4239;4240;4249;4250;4432;4441;4442;4451;4454;4470;4646;4651;4652;4662;4671;4674;4690;4847;4866;4871;4872;4881;4891;4910;5066;5067;5086;5091;5092;5101;5111;5114;5120;5130;5287;5297;5306;5311;5312;5331;5334;5340;5350;5507;5554;5570;6439;6463;6465;6633;6657;6658;6659;6660;6664;6672;6679;6685;6703;6853;6877;6879;6884;6895;6899;6904;6905;6909;6912;6923;6932;7073;7088;7099;7100;7112;7119;7125;7129;7143;7152;7225;7293;7308;7315;7319;7320;7332;7339;7345;7349;7363;7372;7513;7537;7540;7544;7559;7565;7569;7583;7592;7755;7760;7764;7779;7789;7812;7813;7975;7996;8003;8012;8024;8031;8036;8037;8041;8059
264,98,4211;4212;4222;4230;4231;4234;4235;4239;4240;4249;4250;4432;4441;4442;4451;4454;4470;4674;6208;6219;6224;6232;6235;6241;6243;6244;6248;6249;6260;6263;6437;6439;6444;6452;6455;6461;6463;6464;6465;6472;6483;6660;6664;6672;6679;6685;6703;6884;6895;6899;6904;6905;6909;6912;6923;6932;7088;7100;7112;7119;7125;7129;7143;7152;7225;7308;7315;7320;7332;7339;7345;7349;7363;7372;7540;7544;7559;7565;7569;7583;7592;7755;7760;7764;7779;7789;7812;7813;7975;7996;8003;8012;8024;8031;8036;8037;8041;8059
265,73,6208;6224;6232;6235;6244;6248;6249;6260;6263;6444;6452;6455;6464;6465;6472;6483;6660;6664;6672;6679;6685;6703;6884;6895;6899;6904;6905;6909;6912;6923;6932;7088;7100;7112;7119;7125;7129;7143;7152;7225;7308;7315;7320;7332;7339;7345;7349;7363;7372;7540;7544;7559;7565;7569;7583;7592;7755;7760;7764;7779;7789;7812;7813;7975;7996;8003;8012;8024;8031;8036;8037;8041;8059
266,73,6208;6224;6232;6235;6244;6248;6249;6260;6263;6444;6452;6455;6464;6465;6472;6483;6660;6664;6672;6679;6685;6703;6884;6895;6899;6904;6905;6909;6912;6923;6932;7088;7100;7112;7119;7125;7129;7143;7152;7225;7308;7315;7320;7332;7339;7345;7349;7363;7372;7540;7544;7559;7565;7569;7583;7592;7755;7760;7764;7779;7789;7812;7813;7975;7996;8003;8012;8024;8031;8036;8037;8041;8059
267,73,6208;6224;6232;6235;6244;6248;6249;6260;6263;6444;6452;6455;6464;6465;6472;6483;6660;6664;6672;6679;6685;6703;6884;6895;6899;6904;6905;6909;6912;6923;6932;7088;7100;7112;7119;7125;7129;7143;7152;7225;7308;7315;7320;7332;7339;7345;7349;7363;7372;7540;7544;7559;7565;7569;7583;7592;7755;7760;7764;7779;7789;7812;7813;7975;7996;8003;8012;8024;8031;8036;8037;8041;8059
268,73,6208;6224;6232;6235;6244;6248;6249;6260;6263;6444;6452;6455;6464;6465;6472;6483;6660;6664;6672;6679;6685;6703;6884;6895;6899;6904;6905;6909;6912;6923;6932;7088;7100;7112;7119;7125;7129;7143;7152;7225;7308;7315;7320;7332;7339;7345;7349;7363;7372;7540;7544;7559;7565;7569;7583;7592;7755;7760;7764;7779;7789;7812;7813;7975;7996;8003;8012;8024;8031;8036;8037;8041;8059
269,73,6208;6224;6232;6235;6244;6248;6249;6260;6263;6444;6452;6455;6464;6465;6472;6483;6660;6664;6672;6679;6685;6703;6884;6895;6899;6904;6905;6909;6912;6923;6932;7088;7100;7112;7119;7125;7129;7143;7152;7225;7308;7315;7320;7332;7339;7345;7349;7363;7372;7540;7544;7559;7565;7569;7583;7592;7755;7760;7764;7779;7789;7812;7813;7975;7996;8003;8012;8024;8031;8036;8037;8041;8059
270,73,6208;6224;6232;6235;6244;6248;6249;6260;6263;6444;6452;6455;6464;6465;6472;6483;6660;6664;6672;6679;6685;6703;6884;6895;6899;6904;6905;6909;6912;6923;6932;7088;7100;7112;7119;7125;7129;7143;7152;7225;7308;7315;7320;7332;7339;7345;7349;7363;7372;7540;7544;7559;7565;7569;7583;7592;7755;7760;7764;7779;7789;7812;7813;7975;7996;8003;8012;8024;8031;8036;8037;8041;8059
271,73,6208;6224;6232;6235;6244;6248;6249;6260;6263;6444;6452;6455;6464;6465;6472;6483;6660;6664;6672;6679;6685;6703;6884;6895;6899;6904;6905;6909;6912;6923;6932;7088;7100;7112;7119;7125;7129;7143;7152;7225;7308;7315;7320;7332;7339;7345;7349;7363;7372;7540;7544;7559;7565;7569;7583;7592;7755;7760;7764;7779;7789;7812;7813;7975;7996;8003;8012;8024;8031;8036;8037;8041;8059
272,73,6208;6224;6232;6235;6244;6248;6249;6260;6263;6444;6452;6455;6464;6465;6472;6483;6660;6664;6672;6679;6685;6703;6884;6895;6899;6904;6905;6909;6912;6923;6932;7088;7100;7112;7119;7125;7129;7143;7152;7225;7308;7315;7320;7332;7339;7345;7349;7363;7372;7540;7544;7559;7565;7569;7583;7592;7755;7760;7764;7779;7789;7812;7813;7975;7996;8003;8012;8024;8031;8036;8037;8041;8059
273,73,6208;6224;6232;6235;6244;6248;6249;6260;6263;6444;6452;6455;6464;6465;6472;6483;6660;6664;6672;6679;6685;6703;6884;6895;6899;6904;6905;6909;6912;6923;6932;7088;7100;7112;7119;7125;7129;7143;7152;7225;7308;7315;7320;7332;7339;7345;7349;7363;7372;7540;7544;7559;7565;7569;7583;7592;7755;7760;7764;7779;7789;7812;7813;7975;7996;8003;8012;8024;8031;8036;8037;8041;8059
274,73,6208;6224;6232;6235;6244;6248;6249;6260;6263;6444;6452;6455;6464;6465;6472;6483;6660;6664;6672;6679;6685;6703;6884;6895;6899;6904;6905;6909;6912;6923;6932;7088;7100;7112;7119;7125;7129;7143;7152;7225;7308;7315;7320;7332;7339;7345;7349;7363;7372;7540;7544;7559;7565;7569;7583;7592;7755;7760;7764;7779;7789;7812;7813;7975;7996;8003;8012;8024;8031;8036;8037;8041;8059
275,73,6208;6224;6232;6235;6244;6248;6249;6260;6263;6444;6452;6455;6464;6465;6472;6483;6660;6664;6672;6679;6685;6703;6884;6895;6899;6904;6905;6909;6912;6923;6932;7088;7100;7112;7119;7125;7129;7143;7152;7225;7308;7315;7320;7332;7339;7345;7349;7363;7372;7540;7544;7559;7565;7569;7583;7592;7755;7760;7764;7779;7789;7812;7813;7975;7996;8003;8012;8024;8031;8036;8037;8041;8059
276,73,6208;6224;6232;6235;6244;6248;6249;6260;6263;6444;6452;6455;6464;6465;6472;6483;6660;6664;6672;6679;6685;6703;6884;6895;6899;6904;6905;6909;6912;6923;6932;7088;7100;7112;7119;7125;7129;7143;7152;7225;7308;7315;7320;7332;7339;7345;7349;7363;7372;7540;7544;7559;7565;7569;7583;7592;7755;7760;7764;7779;7789;7812;7813;7975;7996;8003;8012;8024;8031;8036;8037;8041;8059
277,73,6208;6224;6232;6235;6244;6248;6249;6260;6263;6444;6452;6455;6464;6465;6472;6483;6660;6664;6672;6679;6685;6703;6884;6895;6899;6904;6905;6909;6912;6923;6932;7088;7100;7112;7119;7125;7129;7143;7152;7225;7308;7315;7320;7332;7339;7345;7349;7363;7372;7540;7544;7559;7565;7569;7583;7592;7755;7760;7764;7779;7789;7812;7813;7975;7996;8003;8012;8024;8031;8036;8037;8041;8059
278,73,6208;6224;6232;6235;6244;6248;6249;6260;6263;6444;6452;6455;6464;6465;6472;6483;6660;6664;6672;6679;6685;6703;6884;6895;6899;6904;6905;6909;6912;6923;6932;7088;7100;7112;7119;7125;7129;7143;7152;7225;7308;7315;7320;7332;7339;7345;7349;7363;7372;7540;7544;7559;7565;7569;7583;7592;7755;7760;7764;7779;7789;7812;7813;7975;7996;8003;8012;8024;8031;8036;8037;8041;8059
279,73,6208;6224;6232;6235;6244;6248;6249;6260;6263;6444;6452;6455;6464;6465;6472;6483;6660;6664;6672;6679;6685;6703;6884;6895;6899;6904;6905;6909;6912;6923;6932;7088;7100;7112;7119;7125;7129;7143;7152;7225;7308;7315;7320;7332;7339;7345;7349;7363;7372;7540;7544;7559;7565;7569;7583;7592;7755;7760;7764;7779;7789;7812;7813;7975;7996;8003;8012;8024;8031;8036;8037;8041;8059
280,73,6208;6224;6232;6235;6244;6248;6249;6260;6263;6444;6452;6455;6464;6465;6472;6483;6660;6664;6672;6679;6685;6703;6884;6895;6899;6904;6905;6909;6912;6923;6932;7088;7100;7112;7119;7125;7129;7143;7152;7225;7308;7315;7320;7332;7339;7345;7349;7363;7372;7540;7544;7559;7565;7569;7583;7592;7755;7760;7764;7779;7789;7812;7813;7975;7996;8003;8012;8024;8031;8036;8037;8041;8059
281,73,6208;6224;6232;6235;6244;6248;6249;6260;6263;6444;6452;6455;6464;6465;6472;6483;6660;6664;6672;6679;6685;6703;6884;6895;6899;6904;6905;6909;6912;6923;6932;7088;7100;7112;7119;7125;7129;7143;7152;7225;7308;7315;7320;7332;7339;7345;7349;7363;7372;7540;7544;7559;7565;7569;7583;7592;7755;7760;7764;7779;7789;7812;7813;7975;7996;8003;8012;8024;8031;8036;8037;8041;8059
282,73,6208;6224;6232;6235;6244;6248;6249;6260;6263;6444;6452;6455;6464;6465;6472;6483;6660;6664;6672;6679;6685;6703;6884;6895;6899;6904;6905;6909;6912;6923;6932;7088;7100;7112;7119;7125;7129;7143;7152;7225;7308;7315;7320;7332;7339;7345;7349;7363;7372;7540;7544;7559;7565;7569;7583;7592;7755;7760;7764;7779;7789;7812;7813;7975;7996;8003;8012;8024;8031;8036;8037;8041;8059
283,73,6208;6224;6232;6235;6244;6248;6249;6260;6263;6444;6452;6455;6464;6465;6472;6483;6660;6664;6672;6679;6685;6703;6884;6895;6899;6904;6905;6909;6912;6923;6932;7088;7100;7112;7119;7125;7129;7143;7152;7225;7308;7315;7320;7332;7339;7345;7349;7363;7372;7540;7544;7559;7565;7569;7583;7592;7755;7760;7764;7779;7789;7812;7813;7975;7996;8003;8012;8024;8031;8036;8037;8041;8059
284,73,6208;6224;6232;6235;6244;6248;6249;6260;6263;6444;6452;6455;6464;6465;6472;6483;6660;6664;6672;6679;6685;6703;6884;6895;6899;6904;6905;6909;6912;6923;6932;7088;7100;7112;7119;7125;7129;7143;7152;7225;7308;7315;7320;7332;7339;7345;7349;7363;7372;7540;7544;7559;7565;7569;7583;7592;7755;7760;7764;7779;7789;7812;7813;7975;7996;8003;8012;8024;8031;8036;8037;8041;8059
285,73,6208;6224;6232;6235;6244;6248;6249;6260;6263;6444;6452;6455;6464;6465;6472;6483;6660;6664;6672;6679;6685;6703;6884;6895;6899;6904;6905;6909;6912;6923;6932;7088;7100;7112;7119;7125;7129;7143;7152;7225;7308;7315;7320;7332;7339;7345;7349;7363;7372;7540;7544;7559;7565;7569;7583;7592;7755;7760;7764;7779;7789;7812;7813;7975;7996;8003;8012;8024;8031;8036;8037;8041;8059
286,73,6208;6224;6232;6235;6244;6248;6249;6260;6263;6444;6452;6455;6464;6465;6472;6483;6660;6664;6672;6679;6685;6703;6884;6895;6899;6904;6905;6909;6912;6923;6932;7088;7100;7112;7119;7125;7129;7143;7152;7225;7308;7315;7320;7332;7339;7345;7349;7363;7372;7540;7544;7559;7565;7569;7583;7592;7755;7760;7764;7779;7789;7812;7813;7975;7996;8003;8012;8024;8031;8036;8037;8041;8059
287,73,6208;6224;6232;6235;6244;6248;6249;6260;6263;6444;6452;6455;6464;6465;6472;6483;6660;6664;6672;6679;6685;6703;6884;6895;6899;6904;6905;6909;6912;6923;6932;7088;7100;7112;7119;7125;7129;7143;7152;7225;7308;7315;7320;7332;7339;7345;7349;7363;7372;7540;7544;7559;7565;7569;7583;7592;7755;7760;7764;7779;7789;7812;7813;7975;7996;8003;8012;8024;8031;8036;8037;8041;8059
288,73,6208;6224;6232;6235;6244;6248;6249;6260;6263;6444;6452;6455;6464;6465;6472;6483;6660;6664;6672;6679;6685;6703;6884;6895;6899;6904;6905;6909;6912;6923;6932;7088;7100;7112;7119;7125;7129;7143;7152;7225;7308;7315;7320;7332;7339;7345;7349;7363;7372;7540;7544;7559;7565;7569;7583;7592;7755;7760;7764;7779;7789;7812;7813;7975;7996;8003;8012;8024;8031;8036;8037;8041;8059
289,73,6208;6224;6232;6235;6244;6248;6249;6260;6263;6444;6452;6455;6464;6465;6472;6483;6660;6664;6672;6679;6685;6703;6884;6895;6899;6904;6905;6909;6912;6923;6932;7088;7100;7112;7119;7125;7129;7143;7152;7225;7308;7315;7320;7332;7339;7345;7349;7363;7372;7540;7544;7559;7565;7569;7583;7592;7755;7760;7764;7779;7789;7812;7813;7975;7996;8003;8012;8024;8031;8036;8037;8041;8059
290,73,6208;6224;6232;6235;6244;6248;6249;6260;6263;6444;6452;6455;6464;6465;6472;6483;6660;6664;6672;6679;6685;6703;6884;6895;6899;6904;6905;6909;6912;6923;6932;7088;7100;7112;7119;7125;7129;7143;7152;7225;7308;7315;7320;7332;7339;7345;7349;7363;7372;7540;7544;7559;7565;7569;7583;7592;7755;7760;7764;7779;7789;7812;7813;7975;7996;8003;8012;8024;8031;8036;8037;8041;8059
291,73,6208;6224;6232;6235;6244;6248;6249;6260;6263;6444;6452;6455;6464;6465;6472;6483;6660;6664;6672;6679;6685;6703;6884;6895;6899;6904;6905;6909;6912;6923;6932;7088;7100;7112;7119;7125;7129;7143;7152;7225;7308;7315;7320;7332;7339;7345;7349;7363;7372;7540;7544;7559;7565;7569;7583;7592;7755;7760;7764;7779;7789;7812;7813;7975;7996;8003;8012;8024;8031;8036;8037;8041;8059
292,73,6208;6224;6232;6235;6244;6248;6249;6260;6263;6444;6452;6455;6464;6465;6472;6483;6660;6664;6672;6679;6685;6703;6884;6895;6899;6904;6905;6909;6912;6923;6932;7088;7100;7112;7119;7125;7129;7143;7152;7225;7308;7315;7320;7332;7339;7345;7349;7363;7372;7540;7544;7559;7565;7569;7583;7592;7755;7760;7764;7779;7789;7812;7813;7975;7996;8003;8012;8024;8031;8036;8037;8041;8059
293,73,6208;6224;6232;6235;6244;6248;6249;6260;6263;6444;6452;6455;6464;6465;6472;6483;6660;6664;6672;6679;6685;6703;6884;6895;6899;6904;6905;6909;6912;6923;6932;7088;7100;7112;7119;7125;7129;7143;7152;7225;7308;7315;7320;7332;7339;7345;7349;7363;7372;7540;7544;7559;7565;7569;7583;7592;7755;7760;7764;7779;7789;7812;7813;7975;7996;8003;8012;8024;8031;8036;8037;8041;8059
294,73,6208;6224;6232;6235;6244;6248;6249;6260;6263;6444;6452;6455;6464;6465;6472;6483;6660;6664;6672;6679;6685;6703;6884;6895;6899;6904;6905;6909;6912;6923;6932;7088;7100;7112;7119;7125;7129;7143;7152;7225;7308;7315;7320;7332;7339;7345;7349;7363;7372;7540;7544;7559;7565;7569;7583;7592;7755;7760;7764;7779;7789;7812;7813;7975;7996;8003;8012;8024;8031;8036;8037;8041;8059
295,73,6208;6224;6232;6235;6244;6248;6249;6260;6263;6444;6452;6455;6464;6465;6472;6483;6660;6664;6672;6679;6685;6703;6884;6895;6899;6904;6905;6909;6912;6923;6932;7088;7100;7112;7119;7125;7129;7143;7152;7225;7308;7315;7320;7332;7339;7345;7349;7363;7372;7540;7544;7559;7565;7569;7583;7592;7755;7760;7764;7779;7789;7812;7813;7975;7996;8003;8012;8024;8031;8036;8037;8041;8059
296,73,6208;6224;6232;6235;6244;6248;6249;6260;6263;6444;6452;6455;6464;6465;6472;6483;6660;6664;6672;6679;6685;6703;6884;6895;6899;6904;6905;6909;6912;6923;6932;7088;7100;7112;7119;7125;7129;7143;7152;7225;7308;7315;7320;7332;7339;7345;7349;7363;7372;7540;7544;7559;7565;7569;7583;7592;7755;7760;7764;7779;7789;7812;7813;7975;7996;8003;8012;8024;8031;8036;8037;8041;8059
297,73,6208;6224;6232;6235;6244;6248;6249;6260;6263;6444;6452;6455;6464;6465;6472;6483;6660;6664;6672;6679;6685;6703;6884;6895;6899;6904;6905;6909;6912;6923;6932;7088;7100;7112;7119;7125;7129;7143;7152;7225;7308;7315;7320;7332;7339;7345;7349;7363;7372;7540;7544;7559;7565;7569;7583;7592;7755;7760;7764;7779;7789;7812;7813;7975;7996;8003;8012;8024;8031;8036;8037;8041;8059
298,73,6208;6224;6232;6235;6244;6248;6249;6260;6263;6444;6452;6455;6464;6465;6472;6483;6660;6664;6672;6679;6685;6703;6884;6895;6899;6904;6905;6909;6912;6923;6932;7088;7100;7112;7119;7125;7129;7143;7152;7225;7308;7315;7320;7332;7339;7345;7349;7363;7372;7540;7544;7559;7565;7569;7583;7592;7755;7760;7764;7779;7789;7812;7813;7975;7996;8003;8012;8024;8031;8036;8037;8041;8059
299,73,6208;6224;6232;6235;6244;6248;6249;6260;6263;6444;6452;6455;6464;6465;6472;6483;6660;6664;6672;6679;6685;6703;6884;6895;6899;6904;6905;6909;6912;6923;6932;7088;7100;7112;7119;7125;7129;7143;7152;7225;7308;7315;7320;7332;7339;7345;7349;7363;7372;7540;7544;7559;7565;7569;7583;7592;7755;7760;7764;7779;7789;7812;7813;7975;7996;8003;8012;8024;8031;8036;8037;8041;8059
300,73,6208;6224;6232;6235;6244;6248;6249;6260;6263;6444;6452;6455;6464;6465;6472;6483;6660;6664;6672;6679;6685;6703;6884;6895;6899;6904;6905;6909;6912;6923;6932;7088;7100;7112;7119;7125;7129;7143;7152;7225;7308;7315;7320;7332;7339;7345;7349;7363;7372;7540;7544;7559;7565;7569;7583;7592;7755;7760;7764;7779;7789;7812;7813;7975;7996;8003;8012;8024;8031;8036;8037;8041;8059
301,91,6208;6224;6232;6235;6244;6248;6249;6260;6263;6444;6452;6455;6464;6465;6472;6483;6660;6664;6672;6679;6685;6703;6884;6895;6899;6904;6905;6909;6912;6923;6932;7088;7100;7112;7119;7125;7129;7143;7152;7225;7308;7315;7320;7332;7339;7345;7349;7363;7372;7374;7540;7544;7559;7565;7569;7583;7592;7594;7755;7760;7764;7779;7789;7812;7813;7913;7941;7966;7969;7975;7982;7994;7995;7996;7997;8003;8010;8012;8020;8022;8023;8024;8025;8030;8031;8036;8037;8041;8054;8059;8062
302,127,6208;6224;6232;6235;6244;6248;6249;6260;6263;6444;6452;6455;6464;6465;6472;6483;6660;6664;6672;6679;6685;6703;6869;6884;6893;6895;6898;6899;6904;6905;6909;6912;6923;6932;7087;7088;7089;7100;7102;7107;7111;7112;7117;7119;7125;7127;7129;7136;7143;7146;7152;7154;7225;7304;7307;7308;7309;7313;7315;7320;7322;7327;7328;7331;7332;7337;7339;7345;7347;7349;7350;7363;7366;7374;7527;7529;7533;7540;7542;7544;7547;7551;7557;7559;7565;7567;7569;7570;7583;7586;7594;7749;7755;7760;7762;7764;7767;7768;7771;7777;7779;7786;7789;7790;7806;7982;7987;7995;8001;8010;8012;8015;8020;8023;8024;8025;8029;8030;8036;8037;8038;8041;8042;8054;8055;8059;8062
303,111,6208;6224;6227;6232;6233;6234;6235;6238;6244;6246;6248;6249;6260;6263;6266;6444;6447;6448;6451;6452;6455;6457;6464;6465;6467;6470;6472;6475;6479;6482;6483;6660;6662;6664;6667;6668;6670;6671;6672;6673;6677;6679;6685;6687;6695;6696;6699;6703;6706;6869;6884;6887;6891;6893;6895;6897;6898;6904;6905;6906;6907;6909;6910;6912;6919;6923;6926;7102;7107;7117;7127;7136;7143;7146;7154;7304;7313;7322;7327;7328;7337;7347;7350;7366;7374;7533;7542;7547;7557;7567;7570;7586;7594;7762;7767;7768;7777;7786;7790;7806;7982;7987;8001;8010;8015;8020;8029;8030;8038;8042;8062
304,70,6227;6234;6238;6246;6266;6447;6448;6457;6467;6470;6475;6482;6662;6667;6668;6677;6687;6695;6696;6706;6887;6897;6898;6906;6907;6910;6926;7102;7107;7117;7127;7136;7146;7154;7304;7313;7322;7327;7328;7337;7347;7350;7366;7374;7533;7542;7547;7557;7567;7570;7586;7594;7762;7767;7768;7777;7786;7790;7806;7982;7987;8001;8010;8015;8020;8029;8030;8038;8042;8062
305,70,6227;6234;6238;6246;6266;6447;6448;6457;6467;6470;6475;6482;6662;6667;6668;6677;6687;6695;6696;6706;6887;6897;6898;6906;6907;6910;6926;7102;7107;7117;7127;7136;7146;7154;7304;7313;7322;7327;7328;7337;7347;7350;7366;7374;7533;7542;7547;7557;7567;7570;7586;7594;7762;7767;7768;7777;7786;7790;7806;7982;7987;8001;8010;8015;8020;8029;8030;8038;8042;8062
306,70,6227;6234;6238;6246;6266;6447;6448;6457;6467;6470;6475;6482;6662;6667;6668;6677;6687;6695;6696;6706;6887;6897;6898;6906;6907;6910;6926;7102;7107;7117;7127;7136;7146;7154;7304;7313;7322;7327;7328;7337;7347;7350;7366;7374;7533;7542;7547;7557;7567;7570;7586;7594;7762;7767;7768;7777;7786;7790;7806;7982;7987;8001;8010;8015;8020;8029;8030;8038;8042;8062
307,70,6227;6234;6238;6246;6266;6447;6448;6457;6467;6470;6475;6482;6662;6667;6668;6677;6687;6695;6696;6706;6887;6897;6898;6906;6907;6910;6926;7102;7107;7117;7127;7136;7146;7154;7304;7313;7322;7327;7328;7337;7347;7350;7366;7374;7533;7542;7547;7557;7567;7570;7586;7594;7762;7767;7768;7777;7786;7790;7806;7982;7987;8001;8010;8015;8020;8029;8030;8038;8042;8062
308,70,6227;6234;6238;6246;6266;6447;6448;6457;6467;6470;6475;6482;6662;6667;6668;6677;6687;6695;6696;6706;6887;6897;6898;6906;6907;6910;6926;7102;7107;7117;7127;7136;7146;7154;7304;7313;7322;7327;7328;7337;7347;7350;7366;7374;7533;7542;7547;7557;7567;7570;7586;7594;7762;7767;7768;7777;7786;7790;7806;7982;7987;8001;8010;8015;8020;8029;8030;8038;8042;8062
309,70,6227;6234;6238;6246;6266;6447;6448;6457;6467;6470;6475;6482;6662;6667;6668;6677;6687;6695;6696;6706;6887;6897;6898;6906;6907;6910;6926;7102;7107;7117;7127;7136;7146;7154;7304;7313;7322;7327;7328;7337;7347;7350;7366;7374;7533;7542;7547;7557;7567;7570;7586;7594;7762;7767;7768;7777;7786;7790;7806;7982;7987;8001;8010;8015;8020;8029;8030;8038;8042;8062
310,70,6227;6234;6238;6246;6266;6447;6448;6457;6467;6470;6475;6482;6662;6667;6668;6677;6687;6695;6696;6706;6887;6897;6898;6906;6907;6910;6926;7102;7107;7117;7127;7136;7146;7154;7304;7313;7322;7327;7328;7337;7347;7350;7366;7374;7533;7542;7547;7557;7567;7570;7586;7594;7762;7767;7768;7777;7786;7790;7806;7982;7987;8001;8010;8015;8020;8029;8030;8038;8042;8062
311,70,6227;6234;6238;6246;6266;6447;6448;6457;6467;6470;6475;6482;6662;6667;6668;6677;6687;6695;6696;6706;6887;6897;6898;6906;6907;6910;6926;7102;7107;7117;7127;7136;7146;7154;7304;7313;7322;7327;7328;7337;7347;7350;7366;7374;7533;7542;7547;7557;7567;7570;7586;7594;7762;7767;7768;7777;7786;7790;7806;7982;7987;8001;8010;8015;8020;8029;8030;8038;8042;8062
312,70,6227;6234;6238;6246;6266;6447;6448;6457;6467;6470;6475;6482;6662;6667;6668;6677;6687;6695;6696;6706;6887;6897;6898;6906;6907;6910;6926;7102;7107;7117;7127;7136;7146;7154;7304;7313;7322;7327;7328;7337;7347;7350;7366;7374;7533;7542;7547;7557;7567;7570;7586;7594;7762;7767;7768;7777;7786;7790;7806;7982;7987;8001;8010;8015;8020;8029;8030;8038;8042;8062
313,70,6227;6234;6238;6246;6266;6447;6448;6457;6467;6470;6475;6482;6662;6667;6668;6677;6687;6695;6696;6706;6887;6897;6898;6906;6907;6910;6926;7102;7107;7117;7127;7136;7146;7154;7304;7313;7322;7327;7328;7337;7347;7350;7366;7374;7533;7542;7547;7557;7567;7570;7586;7594;7762;7767;7768;7777;7786;7790;7806;7982;7987;8001;8010;8015;8020;8029;8030;8038;8042;8062
314,70,6227;6234;6238;6246;6266;6447;6448;6457;6467;6470;6475;6482;6662;6667;6668;6677;6687;6695;6696;6706;6887;6897;6898;6906;6907;6910;6926;7102;7107;7117;7127;7136;7146;7154;7304;7313;7322;7327;7328;7337;7347;7350;7366;7374;7533;7542;7547;7557;7567;7570;7586;7594;7762;7767;7768;7777;7786;7790;7806;7982;7987;8001;8010;8015;8020;8029;8030;8038;8042;8062
315,70,6227;6234;6238;6246;6266;6447;6448;6457;6467;6470;6475;6482;6662;6667;6668;6677;6687;6695;6696;6706;6887;6897;6898;6906;6907;6910;6926;7102;7107;7117;7127;7136;7146;7154;7304;7313;7322;7327;7328;7337;7347;7350;7366;7374;7533;7542;7547;7557;7567;7570;7586;7594;7762;7767;7768;7777;7786;7790;7806;7982;7987;8001;8010;8015;8020;8029;8030;8038;8042;8062
316,70,6227;6234;6238;6246;6266;6447;6448;6457;6467;6470;6475;6482;6662;6667;6668;6677;6687;6695;6696;6706;6887;6897;6898;6906;6907;6910;6926;7102;7107;7117;7127;7136;7146;7154;7304;7313;7322;7327;7328;7337;7347;7350;7366;7374;7533;7542;7547;7557;7567;7570;7586;7594;7762;7767;7768;7777;7786;7790;7806;7982;7987;8001;8010;8015;8020;8029;8030;8038;8042;8062
317,70,6227;6234;6238;6246;6266;6447;6448;6457;6467;6470;6475;6482;6662;6667;6668;6677;6687;6695;6696;6706;6887;6897;6898;6906;6907;6910;6926;7102;7107;7117;7127;7136;7146;7154;7304;7313;7322;7327;7328;7337;7347;7350;7366;7374;7533;7542;7547;7557;7567;7570;7586;7594;7762;7767;7768;7777;7786;7790;7806;7982;7987;8001;8010;8015;8020;8029;8030;8038;8042;8062
318,70,6227;6234;6238;6246;6266;6447;6448;6457;6467;6470;6475;6482;6662;6667;6668;6677;6687;6695;6696;6706;6887;6897;6898;6906;6907;6910;6926;7102;7107;7117;7127;7136;7146;7154;7304;7313;7322;7327;7328;7337;7347;7350;7366;7374;7533;7542;7547;7557;7567;7570;7586;7594;7762;7767;7768;7777;7786;7790;7806;7982;7987;8001;8010;8015;8020;8029;8030;8038;8042;8062
319,70,6227;6234;6238;6246;6266;6447;6448;6457;6467;6470;6475;6482;6662;6667;6668;6677;6687;6695;6696;6706;6887;6897;6898;6906;6907;6910;6926;7102;7107;7117;7127;7136;7146;7154;7304;7313;7322;7327;7328;7337;7347;7350;7366;7374;7533;7542;7547;7557;7567;7570;7586;7594;7762;7767;7768;7777;7786;7790;7806;7982;7987;8001;8010;8015;8020;8029;8030;8038;8042;8062
320,70,6227;6234;6238;6246;6266;6447;6448;6457;6467;6470;6475;6482;6662;6667;6668;6677;6687;6695;6696;6706;6887;6897;6898;6906;6907;6910;6926;7102;7107;7117;7127;7136;7146;7154;7304;7313;7322;7327;7328;7337;7347;7350;7366;7374;7533;7542;7547;7557;7567;7570;7586;7594;7762;7767;7768;7777;7786;7790;7806;7982;7987;8001;8010;8015;8020;8029;8030;8038;8042;8062
321,70,6227;6234;6238;6246;6266;6447;6448;6457;6467;6470;6475;6482;6662;6667;6668;6677;6687;6695;6696;6706;6887;6897;6898;6906;6907;6910;6926;7102;7107;7117;7127;7136;7146;7154;7304;7313;7322;7327;7328;7337;7347;7350;7366;7374;7533;7542;7547;7557;7567;7570;7586;7594;7762;7767;7768;7777;7786;7790;7806;7982;7987;8001;8010;8015;8020;8029;8030;8038;8042;8062
322,70,6227;6234;6238;6246;6266;6447;6448;6457;6467;6470;6475;6482;6662;6667;6668;6677;6687;6695;6696;6706;6887;6897;6898;6906;6907;6910;6926;7102;7107;7117;7127;7136;7146;7154;7304;7313;7322;7327;7328;7337;7347;7350;7366;7374;7533;7542;7547;7557;7567;7570;7586;7594;7762;7767;7768;7777;7786;7790;7806;7982;7987;8001;8010;8015;8020;8029;8030;8038;8042;8062
323,70,6227;6234;6238;6246;6266;6447;6448;6457;6467;6470;6475;6482;6662;6667;6668;6677;6687;6695;6696;6706;6887;6897;6898;6906;6907;6910;6926;7102;7107;7117;7127;7136;7146;7154;7304;7313;7322;7327;7328;7337;7347;7350;7366;7374;7533;7542;7547;7557;7567;7570;7586;7594;7762;7767;7768;7777;7786;7790;7806;7982;7987;8001;8010;8015;8020;8029;8030;8038;8042;8062
324,70,6227;6234;6238;6246;6266;6447;6448;6457;6467;6470;6475;6482;6662;6667;6668;6677;6687;6695;6696;6706;6887;6897;6898;6906;6907;6910;6926;7102;7107;7117;7127;7136;7146;7154;7304;7313;7322;7327;7328;7337;7347;7350;7366;7374;7533;7542;7547;7557;7567;7570;7586;7594;7762;7767;7768;7777;7786;7790;7806;7982;7987;8001;8010;8015;8020;8029;8030;8038;8042;8062
325,70,6227;6234;6238;6246;6266;6447;6448;6457;6467;6470;6475;6482;6662;6667;6668;6677;6687;6695;6696;6706;6887;6897;6898;6906;6907;6910;6926;7102;7107;7117;7127;7136;7146;7154;7304;7313;7322;7327;7328;7337;7347;7350;7366;7374;7533;7542;7547;7557;7567;7570;7586;7594;7762;7767;7768;7777;7786;7790;7806;7982;7987;8001;8010;8015;8020;8029;8030;8038;8042;8062
326,70,6227;6234;6238;6246;6266;6447;6448;6457;6467;6470;6475;6482;6662;6667;6668;6677;6687;6695;6696;6706;6887;6897;6898;6906;6907;6910;6926;7102;7107;7117;7127;7136;7146;7154;7304;7313;7322;7327;7328;7337;7347;7350;7366;7374;7533;7542;7547;7557;7567;7570;7586;7594;7762;7767;7768;7777;7786;7790;7806;7982;7987;8001;8010;8015;8020;8029;8030;8038;8042;8062
327,70,6227;6234;6238;6246;6266;6447;6448;6457;6467;6470;6475;6482;6662;6667;6668;6677;6687;6695;6696;6706;6887;6897;6898;6906;6907;6910;6926;7102;7107;7117;7127;7136;7146;7154;7304;7313;7322;7327;7328;7337;7347;7350;7366;7374;7533;7542;7547;7557;7567;7570;7586;7594;7762;7767;7768;7777;7786;7790;7806;7982;7987;8001;8010;8015;8020;8029;8030;8038;8042;8062
328,70,6227;6234;6238;6246;6266;6447;6448;6457;6467;6470;6475;6482;6662;6667;6668;6677;6687;6695;6696;6706;6887;6897;6898;6906;6907;6910;6926;7102;7107;7117;7127;7136;7146;7154;7304;7313;7322;7327;7328;7337;7347;7350;7366;7374;7533;7542;7547;7557;7567;7570;7586;7594;7762;7767;7768;7777;7786;7790;7806;7982;7987;8001;8010;8015;8020;8029;8030;8038;8042;8062
329,70,6227;6234;6238;6246;6266;6447;6448;6457;6467;6470;6475;6482;6662;6667;6668;6677;6687;6695;6696;6706;6887;6897;6898;6906;6907;6910;6926;7102;7107;7117;7127;7136;7146;7154;7304;7313;7322;7327;7328;7337;7347;7350;7366;7374;7533;7542;7547;7557;7567;7570;7586;7594;7762;7767;7768;7777;7786;7790;7806;7982;7987;8001;8010;8015;8020;8029;8030;8038;8042;8062
330,70,6227;6234;6238;6246;6266;6447;6448;6457;6467;6470;6475;6482;6662;6667;6668;6677;6687;6695;6696;6706;6887;6897;6898;6906;6907;6910;6926;7102;7107;7117;7127;7136;7146;7154;7304;7313;7322;7327;7328;7337;7347;7350;7366;7374;7533;7542;7547;7557;7567;7570;7586;7594;7762;7767;7768;7777;7786;7790;7806;7982;7987;8001;8010;8015;8020;8029;8030;8038;8042;8062
331,70,6227;6234;6238;6246;6266;6447;6448;6457;6467;6470;6475;6482;6662;6667;6668;6677;6687;6695;6696;6706;6887;6897;6898;6906;6907;6910;6926;7102;7107;7117;7127;7136;7146;7154;7304;7313;7322;7327;7328;7337;7347;7350;7366;7374;7533;7542;7547;7557;7567;7570;7586;7594;7762;7767;7768;7777;7786;7790;7806;7982;7987;8001;8010;8015;8020;8029;8030;8038;8042;8062
332,70,6227;6234;6238;6246;6266;6447;6448;6457;6467;6470;6475;6482;6662;6667;6668;6677;6687;6695;6696;6706;6887;6897;6898;6906;6907;6910;6926;7102;7107;7117;7127;7136;7146;7154;7304;7313;7322;7327;7328;7337;7347;7350;7366;7374;7533;7542;7547;7557;7567;7570;7586;7594;7762;7767;7768;7777;7786;7790;7806;7982;7987;8001;8010;8015;8020;8029;8030;8038;8042;8062
333,70,6227;6234;6238;6246;6266;6447;6448;6457;6467;6470;6475;6482;6662;6667;6668;6677;6687;6695;6696;6706;6887;6897;6898;6906;6907;6910;6926;7102;7107;7117;7127;7136;7146;7154;7304;7313;7322;7327;7328;7337;7347;7350;7366;7374;7533;7542;7547;7557;7567;7570;7586;7594;7762;7767;7768;7777;7786;7790;7806;7982;7987;8001;8010;8015;8020;8029;8030;8038;8042;8062
334,70,6227;6234;6238;6246;6266;6447;6448;6457;6467;6470;6475;6482;6662;6667;6668;6677;6687;6695;6696;6706;6887;6897;6898;6906;6907;6910;6926;7102;7107;7117;7127;7136;7146;7154;7304;7313;7322;7327;7328;7337;7347;7350;7366;7374;7533;7542;7547;7557;7567;7570;7586;7594;7762;7767;7768;7777;7786;7790;7806;7982;7987;8001;8010;8015;8020;8029;8030;8038;8042;8062
335,70,6227;6234;6238;6246;6266;6447;6448;6457;6467;6470;6475;6482;6662;6667;6668;6677;6687;6695;6696;6706;6887;6897;6898;6906;6907;6910;6926;7102;7107;7117;7127;7136;7146;7154;7304;7313;7322;7327;7328;7337;7347;7350;7366;7374;7533;7542;7547;7557;7567;7570;7586;7594;7762;7767;7768;7777;7786;7790;7806;7982;7987;8001;8010;8015;8020;8029;8030;8038;8042;8062
336,70,6227;6234;6238;6246;6266;6447;6448;6457;6467;6470;6475;6482;6662;6667;6668;6677;6687;6695;6696;6706;6887;6897;6898;6906;6907;6910;6926;7102;7107;7117;7127;7136;7146;7154;7304;7313;7322;7327;7328;7337;7347;7350;7366;7374;7533;7542;7547;7557;7567;7570;7586;7594;7762;7767;7768;7777;7786;7790;7806;7982;7987;8001;8010;8015;8020;8029;8030;8038;8042;8062
337,70,6227;6234;6238;6246;6266;6447;6448;6457;6467;6470;6475;6482;6662;6667;6668;6677;6687;6695;6696;6706;6887;6897;6898;6906;6907;6910;6926;7102;7107;7117;7127;7136;7146;7154;7304;7313;7322;7327;7328;7337;7347;7350;7366;7374;7533;7542;7547;7557;7567;7570;7586;7594;7762;7767;7768;7777;7786;7790;7806;7982;7987;8001;8010;8015;8020;8029;8030;8038;8042;8062
338,70,6227;6234;6238;6246;6266;6447;6448;6457;6467;6470;6475;6482;6662;6667;6668;6677;6687;6695;6696;6706;6887;6897;6898;6906;6907;6910;6926;7102;7107;7117;7127;7136;7146;7154;7304;7313;7322;7327;7328;7337;7347;7350;7366;7374;7533;7542;7547;7557;7567;7570;7586;7594;7762;7767;7768;7777;7786;7790;7806;7982;7987;8001;8010;8015;8020;8029;8030;8038;8042;8062
339,70,6227;6234;6238;6246;6266;6447;6448;6457;6467;6470;6475;6482;6662;6667;6668;6677;6687;6695;6696;6706;6887;6897;6898;6906;6907;6910;6926;7102;7107;7117;7127;7136;7146;7154;7304;7313;7322;7327;7328;7337;7347;7350;7366;7374;7533;7542;7547;7557;7567;7570;7586;7594;7762;7767;7768;7777;7786;7790;7806;7982;7987;8001;8010;8015;8020;8029;8030;8038;8042;8062
340,70,6227;6234;6238;6246;6266;6447;6448;6457;6467;6470;6475;6482;6662;6667;6668;6677;6687;6695;6696;6706;6887;6897;6898;6906;6907;6910;6926;7102;7107;7117;7127;7136;7146;7154;7304;7313;7322;7327;7328;7337;7347;7350;7366;7374;7533;7542;7547;7557;7567;7570;7586;7594;7762;7767;7768;7777;7786;7790;7806;7982;7987;8001;8010;8015;8020;8029;8030;8038;8042;8062
341,108,6227;6234;6238;6246;6266;6447;6448;6457;6467;6470;6475;6482;6662;6667;6668;6677;6687;6695;6696;6706;6887;6897;6898;6906;6907;6910;6926;7102;7107;7117;7127;7136;7146;7154;7304;7313;7322;7327;7328;7337;7347;7350;7366;7374;7533;7542;7547;7557;7567;7570;7586;7594;7762;7767;7768;7777;7786;7790;7806;7982;7987;8001;8010;8015;8020;8029;8030;8038;8042;8062;9273;9529;9531;9555;9568;9575;9581;9608;9749;9751;9773;9775;9776;9780;9788;9795;9800;9828;9967;9993;9994;9995;10012;10019;10021;10022;10023;10024;10028;10047;10050;10051;10052;10053;10057;10060;10075;10079
342,117,6227;6234;6238;6246;6266;6447;6448;6457;6467;6470;6475;6482;6662;6667;6668;6677;6687;6695;6696;6706;6887;6897;6898;6906;6907;6910;6926;7102;7107;7117;7127;7136;7146;7304;7313;7322;7327;7328;7337;7347;7350;7366;7547;7567;7570;7586;8455;8457;8481;8649;8673;8675;8676;8680;8688;8695;8697;8701;8705;8708;8719;8764;8869;8893;8895;8896;8900;8908;8911;8915;8921;8925;8939;9113;9115;9116;9135;9141;9145;9159;9273;9303;9309;9333;9335;9336;9340;9348;9355;9365;9379;9529;9556;9560;9568;9575;9580;9581;9599;9608;9776;9780;9788;9795;9800;9828;10012;10019;10024;10028;10047;10052;10053;10057;10060;10075;10079
343,92,6227;6234;6238;6246;6266;6447;6448;6457;6467;6470;6475;6482;6695;8248;8255;8257;8259;8260;8261;8264;8268;8276;8279;8453;8455;8457;8468;8471;8475;8480;8481;8484;8485;8488;8489;8499;8676;8680;8688;8695;8697;8701;8705;8708;8719;8764;8896;8900;8908;8911;8915;8921;8925;8939;9116;9135;9141;9145;9159;9273;9303;9336;9340;9348;9355;9365;9379;9556;9560;9568;9575;9580;9581;9599;9608;9776;9780;9788;9795;9800;9828;10012;10019;10024;10028;10047;10052;10053;10057;10060;10075;10079
344,74,8248;8255;8260;8261;8264;8268;8276;8279;8457;8468;8471;8475;8480;8481;8484;8485;8488;8489;8499;8676;8680;8688;8695;8701;8705;8708;8719;8764;8896;8900;8908;8911;8915;8921;8925;8939;9116;9135;9141;9145;9159;9273;9303;9336;9340;9348;9355;9365;9379;9556;9560;9568;9575;9580;9581;9599;9608;9776;9780;9788;9795;9800;9828;10012;10019;10024;10028;10047;10052;10053;10057;10060;10075;10079
345,74,8248;8255;8260;8261;8264;8268;8276;8279;8457;8468;8471;8475;8480;8481;8484;8485;8488;8489;8499;8676;8680;8688;8695;8701;8705;8708;8719;8764;8896;8900;8908;8911;8915;8921;8925;8939;9116;9135;9141;9145;9159;9273;9303;9336;9340;9348;9355;9365;9379;9556;9560;9568;9575;9580;9581;9599;9608;9776;9780;9788;9795;9800;9828;10012;10019;10024;10028;10047;10052;10053;10057;10060;10075;10079
346,74,8248;8255;8260;8261;8264;8268;8276;8279;8457;8468;8471;8475;8480;8481;8484;8485;8488;8489;8499;8676;8680;8688;8695;8701;8705;8708;8719;8764;8896;8900;8908;8911;8915;8921;8925;8939;9116;9135;9141;9145;9159;9273;9303;9336;9340;9348;9355;9365;9379;9556;9560;9568;9575;9580;9581;9599;9608;9776;9780;9788;9795;9800;9828;10012;10019;10024;10028;10047;10052;10053;10057;10060;10075;10079
347,74,8248;8255;8260;8261;8264;8268;8276;8279;8457;8468;8471;8475;8480;8481;8484;8485;8488;8489;8499;8676;8680;8688;8695;8701;8705;8708;8719;8764;8896;8900;8908;8911;8915;8921;8925;8939;9116;9135;9141;9145;9159;9273;9303;9336;9340;9348;9355;9365;9379;9556;9560;9568;9575;9580;9581;9599;9608;9776;9780;9788;9795;9800;9828;10012;10019;10024;10028;10047;10052;10053;10057;10060;10075;10079
348,74,8248;8255;8260;8261;8264;8268;8276;8279;8457;8468;8471;8475;8480;8481;8484;8485;8488;8489;8499;8676;8680;8688;8695;8701;8705;8708;8719;8764;8896;8900;8908;8911;8915;8921;8925;8939;9116;9135;9141;9145;9159;9273;9303;9336;9340;9348;9355;9365;9379;9556;9560;9568;9575;9580;9581;9599;9608;9776;9780;9788;9795;9800;9828;10012;10019;10024;10028;10047;10052;10053;10057;10060;10075;10079
349,74,8248;8255;8260;8261;8264;8268;8276;8279;8457;8468;8471;8475;8480;8481;8484;8485;8488;8489;8499;8676;8680;8688;8695;8701;8705;8708;8719;8764;8896;8900;8908;8911;8915;8921;8925;8939;9116;9135;9141;9145;9159;9273;9303;9336;9340;9348;9355;9365;9379;9556;9560;9568;9575;9580;9581;9599;9608;9776;9780;9788;9795;9800;9828;10012;10019;10024;10028;10047;10052;10053;10057;10060;10075;10079
350,74,8248;8255;8260;8261;8264;8268;8276;8279;8457;8468;8471;8475;8480;8481;8484;8485;8488;8489;8499;8676;8680;8688;8695;8701;8705;8708;8719;8764;8896;8900;8908;8911;8915;8921;8925;8939;9116;9135;9141;9145;9159;9273;9303;9336;9340;9348;9355;9365;9379;9556;9560;9568;9575;9580;9581;9599;9608;9776;9780;9788;9795;9800;9828;10012;10019;10024;10028;10047;10052;10053;10057;10060;10075;10079
351,74,8248;8255;8260;8261;8264;8268;8276;8279;8457;8468;8471;8475;8480;8481;8484;8485;8488;8489;8499;8676;8680;8688;8695;8701;8705;8708;8719;8764;8896;8900;8908;8911;8915;8921;8925;8939;9116;9135;9141;9145;9159;9273;9303;9336;9340;9348;9355;9365;9379;9556;9560;9568;9575;9580;9581;9599;9608;9776;9780;9788;9795;9800;9828;10012;10019;10024;10028;10047;10052;10053;10057;10060;10075;10079
352,74,8248;8255;8260;8261;8264;8268;8276;8279;8457;8468;8471;8475;8480;8481;8484;8485;8488;8489;8499;8676;8680;8688;8695;8701;8705;8708;8719;8764;8896;8900;8908;8911;8915;8921;8925;8939;9116;9135;9141;9145;9159;9273;9303;9336;9340;9348;9355;9365;9379;9556;9560;9568;9575;9580;9581;9599;9608;9776;9780;9788;9795;9800;9828;10012;10019;10024;10028;10047;10052;10053;10057;10060;10075;10079
353,74,8248;8255;8260;8261;8264;8268;8276;8279;8457;8468;8471;8475;8480;8481;8484;8485;8488;8489;8499;8676;8680;8688;8695;8701;8705;8708;8719;8764;8896;8900;8908;8911;8915;8921;8925;8939;9116;9135;9141;9145;9159;9273;9303;9336;9340;9348;9355;9365;9379;9556;9560;9568;9575;9580;9581;9599;9608;9776;9780;9788;9795;9800;9828;10012;10019;10024;10028;10047;10052;10053;10057;10060;10075;10079
354,74,8248;8255;8260;8261;8264;8268;8276;8279;8457;8468;8471;8475;8480;8481;8484;8485;8488;8489;8499;8676;8680;8688;8695;8701;8705;8708;8719;8764;8896;8900;8908;8911;8915;8921;8925;8939;9116;9135;9141;9145;9159;9273;9303;9336;9340;9348;9355;9365;9379;9556;9560;9568;9575;9580;9581;9599;9608;9776;9780;9788;9795;9800;9828;10012;10019;10024;10028;10047;10052;10053;10057;10060;10075;10079
355,74,8248;8255;8260;8261;8264;8268;8276;8279;8457;8468;8471;8475;8480;8481;8484;8485;8488;8489;8499;8676;8680;8688;8695;8701;8705;8708;8719;8764;8896;8900;8908;8911;8915;8921;8925;8939;9116;9135;9141;9145;9159;9273;9303;9336;9340;9348;9355;9365;9379;9556;9560;9568;9575;9580;9581;9599;9608;9776;9780;9788;9795;9800;9828;10012;10019;10024;10028;10047;10052;10053;10057;10060;10075;10079
356,74,8248;8255;8260;8261;8264;8268;8276;8279;8457;8468;8471;8475;8480;8481;8484;8485;8488;8489;8499;8676;8680;8688;8695;8701;8705;8708;8719;8764;8896;8900;8908;8911;8915;8921;8925;8939;9116;9135;9141;9145;9159;9273;9303;9336;9340;9348;9355;9365;9379;9556;9560;9568;9575;9580;9581;9599;9608;9776;9780;9788;9795;9800;9828;10012;10019;10024;10028;10047;10052;10053;10057;10060;10075;10079
357,74,8248;8255;8260;8261;8264;8268;8276;8279;8457;8468;8471;8475;8480;8481;8484;8485;8488;8489;8499;8676;8680;8688;8695;8701;8705;8708;8719;8764;8896;8900;8908;8911;8915;8921;8925;8939;9116;9135;9141;9145;9159;9273;9303;9336;9340;9348;9355;9365;9379;9556;9560;9568;9575;9580;9581;9599;9608;9776;9780;9788;9795;9800;9828;10012;10019;10024;10028;10047;10052;10053;10057;10060;10075;10079
358,74,8248;8255;8260;8261;8264;8268;8276;8279;8457;8468;8471;8475;8480;8481;8484;8485;8488;8489;8499;8676;8680;8688;8695;8701;8705;8708;8719;8764;8896;8900;8908;8911;8915;8921;8925;8939;9116;9135;9141;9145;9159;9273;9303;9336;9340;9348;9355;9365;9379;9556;9560;9568;9575;9580;9581;9599;9608;9776;9780;9788;9795;9800;9828;10012;10019;10024;10028;10047;10052;10053;10057;10060;10075;10079
359,74,8248;8255;8260;8261;8264;8268;8276;8279;8457;8468;8471;8475;8480;8481;8484;8485;8488;8489;8499;8676;8680;8688;8695;8701;8705;8708;8719;8764;8896;8900;8908;8911;8915;8921;8925;8939;9116;9135;9141;9145;9159;9273;9303;9336;9340;9348;9355;9365;9379;9556;9560;9568;9575;9580;9581;9599;9608;9776;9780;9788;9795;9800;9828;10012;10019;10024;10028;10047;10052;10053;10057;10060;10075;10079
360,74,8248;8255;8260;8261;8264;8268;8276;8279;8457;8468;8471;8475;8480;8481;8484;8485;8488;8489;8499;8676;8680;8688;8695;8701;8705;8708;8719;8764;8896;8900;8908;8911;8915;8921;8925;8939;9116;9135;9141;9145;9159;9273;9303;9336;9340;9348;9355;9365;9379;9556;9560;9568;9575;9580;9581;9599;9608;9776;9780;9788;9795;9800;9828;10012;10019;10024;10028;10047;10052;10053;10057;10060;10075;10079
361,74,8248;8255;8260;8261;8264;8268;8276;8279;8457;8468;8471;8475;8480;8481;8484;8485;8488;8489;8499;8676;8680;8688;8695;8701;8705;8708;8719;8764;8896;8900;8908;8911;8915;8921;8925;8939;9116;9135;9141;9145;9159;9273;9303;9336;9340;9348;9355;9365;9379;9556;9560;9568;9575;9580;9581;9599;9608;9776;9780;9788;9795;9800;9828;10012;10019;10024;10028;10047;10052;10053;10057;10060;10075;10079
362,74,8248;8255;8260;8261;8264;8268;8276;8279;8457;8468;8471;8475;8480;8481;8484;8485;8488;8489;8499;8676;8680;8688;8695;8701;8705;8708;8719;8764;8896;8900;8908;8911;8915;8921;8925;8939;9116;9135;9141;9145;9159;9273;9303;9336;9340;9348;9355;9365;9379;9556;9560;9568;9575;9580;9581;9599;9608;9776;9780;9788;9795;9800;9828;10012;10019;10024;10028;10047;10052;10053;10057;10060;10075;10079
363,74,8248;8255;8260;8261;8264;8268;8276;8279;8457;8468;8471;8475;8480;8481;8484;8485;8488;8489;8499;8676;8680;8688;8695;8701;8705;8708;8719;8764;8896;8900;8908;8911;8915;8921;8925;8939;9116;9135;9141;9145;9159;9273;9303;9336;9340;9348;9355;9365;9379;9556;9560;9568;9575;9580;9581;9599;9608;9776;9780;9788;9795;9800;9828;10012;10019;10024;10028;10047;10052;10053;10057;10060;10075;10079
364,74,8248;8255;8260;8261;8264;8268;8276;8279;8457;8468;8471;8475;8480;8481;8484;8485;8488;8489;8499;8676;8680;8688;8695;8701;8705;8708;8719;8764;8896;8900;8908;8911;8915;8921;8925;8939;9116;9135;9141;9145;9159;9273;9303;9336;9340;9348;9355;9365;9379;9556;9560;9568;9575;9580;9581;9599;9608;9776;9780;9788;9795;9800;9828;10012;10019;10024;10028;10047;10052;10053;10057;10060;10075;10079
365,74,8248;8255;8260;8261;8264;8268;8276;8279;8457;8468;8471;8475;8480;8481;8484;8485;8488;8489;8499;8676;8680;8688;8695;8701;8705;8708;8719;8764;8896;8900;8908;8911;8915;8921;8925;8939;9116;9135;9141;9145;9159;9273;9303;9336;9340;9348;9355;9365;9379;9556;9560;9568;9575;9580;9581;9599;9608;9776;9780;9788;9795;9800;9828;10012;10019;10024;10028;10047;10052;10053;10057;10060;10075;10079
366,74,8248;8255;8260;8261;8264;8268;8276;8279;8457;8468;8471;8475;8480;8481;8484;8485;8488;8489;8499;8676;8680;8688;8695;8701;8705;8708;8719;8764;8896;8900;8908;8911;8915;8921;8925;8939;9116;9135;9141;9145;9159;9273;9303;9336;9340;9348;9355;9365;9379;9556;9560;9568;9575;9580;9581;9599;9608;9776;9780;9788;9795;9800;9828;10012;10019;10024;10028;10047;10052;10053;10057;10060;10075;10079
367,74,8248;8255;8260;8261;8264;8268;8276;8279;8457;8468;8471;8475;8480;8481;8484;8485;8488;8489;8499;8676;8680;8688;8695;8701;8705;8708;8719;8764;8896;8900;8908;8911;8915;8921;8925;8939;9116;9135;9141;9145;9159;9273;9303;9336;9340;9348;9355;9365;9379;9556;9560;9568;9575;9580;9581;9599;9608;9776;9780;9788;9795;9800;9828;10012;10019;10024;10028;10047;10052;10053;10057;10060;10075;10079
368,74,8248;8255;8260;8261;8264;8268;8276;8279;8457;8468;8471;8475;8480;8481;8484;8485;8488;8489;8499;8676;8680;8688;8695;8701;8705;8708;8719;8764;8896;8900;8908;8911;8915;8921;8925;8939;9116;9135;9141;9145;9159;9273;9303;9336;9340;9348;9355;9365;9379;9556;9560;9568;9575;9580;9581;9599;9608;9776;9780;9788;9795;9800;9828;10012;10019;10024;10028;10047;10052;10053;10057;10060;10075;10079
369,74,8248;8255;8260;8261;8264;8268;8276;8279;8457;8468;8471;8475;8480;8481;8484;8485;8488;8489;8499;8676;8680;8688;8695;8701;8705;8708;8719;8764;8896;8900;8908;8911;8915;8921;8925;8939;9116;9135;9141;9145;9159;9273;9303;9336;9340;9348;9355;9365;9379;9556;9560;9568;9575;9580;9581;9599;9608;9776;9780;9788;9795;9800;9828;10012;10019;10024;10028;10047;10052;10053;10057;10060;10075;10079
370,74,8248;8255;8260;8261;8264;8268;8276;8279;8457;8468;8471;8475;8480;8481;8484;8485;8488;8489;8499;8676;8680;8688;8695;8701;8705;8708;8719;8764;8896;8900;8908;8911;8915;8921;8925;8939;9116;9135;9141;9145;9159;9273;9303;9336;9340;9348;9355;9365;9379;9556;9560;9568;9575;9580;9581;9599;9608;9776;9780;9788;9795;9800;9828;10012;10019;10024;10028;10047;10052;10053;10057;10060;10075;10079
371,74,8248;8255;8260;8261;8264;8268;8276;8279;8457;8468;8471;8475;8480;8481;8484;8485;8488;8489;8499;8676;8680;8688;8695;8701;8705;8708;8719;8764;8896;8900;8908;8911;8915;8921;8925;8939;9116;9135;9141;9145;9159;9273;9303;9336;9340;9348;9355;9365;9379;9556;9560;9568;9575;9580;9581;9599;9608;9776;9780;9788;9795;9800;9828;10012;10019;10024;10028;10047;10052;10053;10057;10060;10075;10079
372,74,8248;8255;8260;8261;8264;8268;8276;8279;8457;8468;8471;8475;8480;8481;8484;8485;8488;8489;8499;8676;8680;8688;8695;8701;8705;8708;8719;8764;8896;8900;8908;8911;8915;8921;8925;8939;9116;9135;9141;9145;9159;9273;9303;9336;9340;9348;9355;9365;9379;9556;9560;9568;9575;9580;9581;9599;9608;9776;9780;9788;9795;9800;9828;10012;10019;10024;10028;10047;10052;10053;10057;10060;10075;10079
373,74,8248;8255;8260;8261;8264;8268;8276;8279;8457;8468;8471;8475;8480;8481;8484;8485;8488;8489;8499;8676;8680;8688;8695;8701;8705;8708;8719;8764;8896;8900;8908;8911;8915;8921;8925;8939;9116;9135;9141;9145;9159;9273;9303;9336;9340;9348;9355;9365;9379;9556;9560;9568;9575;9580;9581;9599;9608;9776;9780;9788;9795;9800;9828;10012;10019;10024;10028;10047;10052;10053;10057;10060;10075;10079
374,74,8248;8255;8260;8261;8264;8268;8276;8279;8457;8468;8471;8475;8480;8481;8484;8485;8488;8489;8499;8676;8680;8688;8695;8701;8705;8708;8719;8764;8896;8900;8908;8911;8915;8921;8925;8939;9116;9135;9141;9145;9159;9273;9303;9336;9340;9348;9355;9365;9379;9556;9560;9568;9575;9580;9581;9599;9608;9776;9780;9788;9795;9800;9828;10012;10019;10024;10028;10047;10052;10053;10057;10060;10075;10079
375,74,8248;8255;8260;8261;8264;8268;8276;8279;8457;8468;8471;8475;8480;8481;8484;8485;8488;8489;8499;8676;8680;8688;8695;8701;8705;8708;8719;8764;8896;8900;8908;8911;8915;8921;8925;8939;9116;9135;9141;9145;9159;9273;9303;9336;9340;9348;9355;9365;9379;9556;9560;9568;9575;9580;9581;9599;9608;9776;9780;9788;9795;9800;9828;10012;10019;10024;10028;10047;10052;10053;10057;10060;10075;10079
376,74,8248;8255;8260;8261;8264;8268;8276;8279;8457;8468;8471;8475;8480;8481;8484;8485;8488;8489;8499;8676;8680;8688;8695;8701;8705;8708;8719;8764;8896;8900;8908;8911;8915;8921;8925;8939;9116;9135;9141;9145;9159;9273;9303;9336;9340;9348;9355;9365;9379;9556;9560;9568;9575;9580;9581;9599;9608;9776;9780;9788;9795;9800;9828;10012;10019;10024;10028;10047;10052;10053;10057;10060;10075;10079
377,74,8248;8255;8260;8261;8264;8268;8276;8279;8457;8468;8471;8475;8480;8481;8484;8485;8488;8489;8499;8676;8680;8688;8695;8701;8705;8708;8719;8764;8896;8900;8908;8911;8915;8921;8925;8939;9116;9135;9141;9145;9159;9273;9303;9336;9340;9348;9355;9365;9379;9556;9560;9568;9575;9580;9581;9599;9608;9776;9780;9788;9795;9800;9828;10012;10019;10024;10028;10047;10052;10053;10057;10060;10075;10079
378,74,8248;8255;8260;8261;8264;8268;8276;8279;8457;8468;8471;8475;8480;8481;8484;8485;8488;8489;8499;8676;8680;8688;8695;8701;8705;8708;8719;8764;8896;8900;8908;8911;8915;8921;8925;8939;9116;9135;9141;9145;9159;9273;9303;9336;9340;9348;9355;9365;9379;9556;9560;9568;9575;9580;9581;9599;9608;9776;9780;9788;9795;9800;9828;10012;10019;10024;10028;10047;10052;10053;10057;10060;10075;10079
379,74,8248;8255;8260;8261;8264;8268;8276;8279;8457;8468;8471;8475;8480;8481;8484;8485;8488;8489;8499;8676;8680;8688;8695;8701;8705;8708;8719;8764;8896;8900;8908;8911;8915;8921;8925;8939;9116;9135;9141;9145;9159;9273;9303;9336;9340;9348;9355;9365;9379;9556;9560;9568;9575;9580;9581;9599;9608;9776;9780;9788;9795;9800;9828;10012;10019;10024;10028;10047;10052;10053;10057;10060;10075;10079
380,91,8248;8255;8260;8261;8264;8268;8276;8279;8457;8468;8471;8475;8480;8481;8484;8485;8488;8489;8499;8676;8680;8688;8695;8701;8705;8708;8719;8764;8896;8900;8908;8911;8915;8921;8925;8939;9116;9135;9141;9145;9159;9273;9303;9336;9340;9348;9355;9365;9379;9556;9560;9568;9575;9580;9581;9599;9608;9610;9776;9780;9788;9795;9800;9828;9957;9982;9985;10010;10011;10012;10013;10019;10024;10026;10027;10028;10036;10038;10039;10041;10046;10047;10052;10053;10057;10060;10070;10073;10075;10078;10079
381,133,8248;8255;8260;8261;8264;8268;8276;8279;8457;8468;8471;8475;8480;8481;8484;8485;8488;8489;8499;8676;8680;8688;8695;8701;8705;8708;8719;8764;8885;8896;8900;8908;8909;8911;8914;8915;8921;8925;8939;9105;9116;9118;9123;9127;9129;9133;9135;9141;9143;9145;9152;9159;9162;9170;9273;9303;9320;9325;9336;9340;9343;9344;9347;9348;9349;9353;9355;9362;9363;9365;9366;9372;9379;9382;9545;9556;9558;9560;9563;9564;9567;9568;9569;9573;9575;9580;9581;9586;9599;9602;9610;9759;9765;9776;9778;9780;9783;9784;9787;9788;9789;9793;9795;9800;9802;9803;9806;9812;10003;10011;10017;10026;10027;10028;10030;10031;10036;10039;10041;10045;10046;10052;10053;10054;10057;10058;10060;10068;10070;10071;10073;10075;10078
382,123,8248;8249;8254;8255;8260;8261;8262;8263;8264;8266;8268;8271;8272;8275;8276;8279;8281;8282;8457;8458;8463;8467;8468;8469;8471;8473;8474;8475;8480;8481;8483;8484;8485;8486;8488;8489;8491;8495;8499;8502;8676;8679;8680;8683;8684;8687;8688;8689;8693;8694;8695;8701;8703;8705;8706;8708;8711;8719;8722;8885;8896;8900;8903;8904;8907;8908;8909;8911;8913;8914;8921;8922;8923;8925;8932;8939;8942;9118;9123;9133;9143;9152;9159;9162;9170;9320;9343;9344;9353;9362;9363;9366;9372;9382;9558;9563;9564;9573;9586;9602;9610;9759;9778;9783;9784;9793;9802;9803;9806;9812;10003;10017;10026;10027;10030;10031;10036;10045;10046;10054;10058;10068;10078
383,78,8254;8262;8263;8266;8271;8272;8281;8282;8458;8463;8473;8474;8483;8486;8491;8502;8679;8683;8684;8693;8694;8703;8706;8711;8722;8903;8904;8913;8914;8922;8923;8932;8942;9118;9123;9133;9143;9152;9162;9170;9320;9343;9344;9353;9362;9363;9366;9372;9382;9558;9563;9564;9573;9586;9602;9610;9759;9778;9783;9784;9793;9802;9803;9806;9812;10003;10017;10026;10027;10030;10031;10036;10045;10046;10054;10058;10068;10078
384,78,8254;8262;8263;8266;8271;8272;8281;8282;8458;8463;8473;8474;8483;8486;8491;8502;8679;8683;8684;8693;8694;8703;8706;8711;8722;8903;8904;8913;8914;8922;8923;8932;8942;9118;9123;9133;9143;9152;9162;9170;9320;9343;9344;9353;9362;9363;9366;9372;9382;9558;9563;9564;9573;9586;9602;9610;9759;9778;9783;9784;9793;9802;9803;9806;9812;10003;10017;10026;10027;10030;10031;10036;10045;10046;10054;10058;10068;10078
385,78,8254;8262;8263;8266;8271;8272;8281;8282;8458;8463;8473;8474;8483;8486;8491;8502;8679;8683;8684;8693;8694;8703;8706;8711;8722;8903;8904;8913;8914;8922;8923;8932;8942;9118;9123;9133;9143;9152;9162;9170;9320;9343;9344;9353;9362;9363;9366;9372;9382;9558;9563;9564;9573;9586;9602;9610;9759;9778;9783;9784;9793;9802;9803;9806;9812;10003;10017;10026;10027;10030;10031;10036;10045;10046;10054;10058;10068;10078
386,78,8254;8262;8263;8266;8271;8272;8281;8282;8458;8463;8473;8474;8483;8486;8491;8502;8679;8683;8684;8693;8694;8703;8706;8711;8722;8903;8904;8913;8914;8922;8923;8932;8942;9118;9123;9133;9143;9152;9162;9170;9320;9343;9344;9353;9362;9363;9366;9372;9382;9558;9563;9564;9573;9586;9602;9610;9759;9778;9783;9784;9793;9802;9803;9806;9812;10003;10017;10026;10027;10030;10031;10036;10045;10046;10054;10058;10068;10078
387,78,8254;8262;8263;8266;8271;8272;8281;8282;8458;8463;8473;8474;8483;8486;8491;8502;8679;8683;8684;8693;8694;8703;8706;8711;8722;8903;8904;8913;8914;8922;8923;8932;8942;9118;9123;9133;9143;9152;9162;9170;9320;9343;9344;9353;9362;9363;9366;9372;9382;9558;9563;9564;9573;9586;9602;9610;9759;9778;9783;9784;9793;9802;9803;9806;9812;10003;10017;10026;10027;10030;10031;10036;10045;10046;10054;10058;10068;10078
388,78,8254;8262;8263;8266;8271;8272;8281;8282;8458;8463;8473;8474;8483;8486;8491;8502;8679;8683;8684;8693;8694;8703;8706;8711;8722;8903;8904;8913;8914;8922;8923;8932;8942;9118;9123;9133;9143;9152;9162;9170;9320;9343;9344;9353;9362;9363;9366;9372;9382;9558;9563;9564;9573;9586;9602;9610;9759;9778;9783;9784;9793;9802;9803;9806;9812;10003;10017;10026;10027;10030;10031;10036;10045;10046;10054;10058;10068;10078
389,78,8254;8262;8263;8266;8271;8272;8281;8282;8458;8463;8473;8474;8483;8486;8491;8502;8679;8683;8684;8693;8694;8703;8706;8711;8722;8903;8904;8913;8914;8922;8923;8932;8942;9118;9123;9133;9143;9152;9162;9170;9320;9343;9344;9353;9362;9363;9366;9372;9382;9558;9563;9564;9573;9586;9602;9610;9759;9778;9783;9784;9793;9802;9803;9806;9812;10003;10017;10026;10027;10030;10031;10036;10045;10046;10054;10058;10068;10078
390,78,8254;8262;8263;8266;8271;8272;8281;8282;8458;8463;8473;8474;8483;8486;8491;8502;8679;8683;8684;8693;8694;8703;8706;8711;8722;8903;8904;8913;8914;8922;8923;8932;8942;9118;9123;9133;9143;9152;9162;9170;9320;9343;9344;9353;9362;9363;9366;9372;9382;9558;9563;9564;9573;9586;9602;9610;9759;9778;9783;9784;9793;9802;9803;9806;9812;10003;10017;10026;10027;10030;10031;10036;10045;10046;10054;10058;10068;10078
391,78,8254;8262;8263;8266;8271;8272;8281;8282;8458;8463;8473;8474;8483;8486;8491;8502;8679;8683;8684;8693;8694;8703;8706;8711;8722;8903;8904;8913;8914;8922;8923;8932;8942;9118;9123;9133;9143;9152;9162;9170;9320;9343;9344;9353;9362;9363;9366;9372;9382;9558;9563;9564;9573;9586;9602;9610;9759;9778;9783;9784;9793;9802;9803;9806;9812;10003;10017;10026;10027;10030;10031;10036;10045;10046;10054;10058;10068;10078
392,78,8254;8262;8263;8266;8271;8272;8281;8282;8458;8463;8473;8474;8483;8486;8491;8502;8679;8683;8684;8693;8694;8703;8706;8711;8722;8903;8904;8913;8914;8922;8923;8932;8942;9118;9123;9133;9143;9152;9162;9170;9320;9343;9344;9353;9362;9363;9366;9372;9382;9558;9563;9564;9573;9586;9602;9610;9759;9778;9783;9784;9793;9802;9803;9806;9812;10003;10017;10026;10027;10030;10031;10036;10045;10046;10054;10058;10068;10078
393,78,8254;8262;8263;8266;8271;8272;8281;8282;8458;8463;8473;8474;8483;8486;8491;8502;8679;8683;8684;8693;8694;8703;8706;8711;8722;8903;8904;8913;8914;8922;8923;8932;8942;9118;9123;9133;9143;9152;9162;9170;9320;9343;9344;9353;9362;9363;9366;9372;9382;9558;9563;9564;9573;9586;9602;9610;9759;9778;9783;9784;9793;9802;9803;9806;9812;10003;10017;10026;10027;10030;10031;10036;10045;10046;10054;10058;10068;10078
394,78,8254;8262;8263;8266;8271;8272;8281;8282;8458;8463;8473;8474;8483;8486;8491;8502;8679;8683;8684;8693;8694;8703;8706;8711;8722;8903;8904;8913;8914;8922;8923;8932;8942;9118;9123;9133;9143;9152;9162;9170;9320;9343;9344;9353;9362;9363;9366;9372;9382;9558;9563;9564;9573;9586;9602;9610;9759;9778;9783;9784;9793;9802;9803;9806;9812;10003;10017;10026;10027;10030;10031;10036;10045;10046;10054;10058;10068;10078
395,78,8254;8262;8263;8266;8271;8272;8281;8282;8458;8463;8473;8474;8483;8486;8491;8502;8679;8683;8684;8693;8694;8703;8706;8711;8722;8903;8904;8913;8914;8922;8923;8932;8942;9118;9123;9133;9143;9152;9162;9170;9320;9343;9344;9353;9362;9363;9366;9372;9382;9558;9563;9564;9573;9586;9602;9610;9759;9778;9783;9784;9793;9802;9803;9806;9812;10003;10017;10026;10027;10030;10031;10036;10045;10046;10054;10058;10068;10078
396,78,8254;8262;8263;8266;8271;8272;8281;8282;8458;8463;8473;8474;8483;8486;8491;8502;8679;8683;8684;8693;8694;8703;8706;8711;8722;8903;8904;8913;8914;8922;8923;8932;8942;9118;9123;9133;9143;9152;9162;9170;9320;9343;9344;9353;9362;9363;9366;9372;9382;9558;9563;9564;9573;9586;9602;9610;9759;9778;9783;9784;9793;9802;9803;9806;9812;10003;10017;10026;10027;10030;10031;10036;10045;10046;10054;10058;10068;10078
397,78,8254;8262;8263;8266;8271;8272;8281;8282;8458;8463;8473;8474;8483;8486;8491;8502;8679;8683;8684;8693;8694;8703;8706;8711;8722;8903;8904;8913;8914;8922;8923;8932;8942;9118;9123;9133;9143;9152;9162;9170;9320;9343;9344;9353;9362;9363;9366;9372;9382;9558;9563;9564;9573;9586;9602;9610;9759;9778;9783;9784;9793;9802;9803;9806;9812;10003;10017;10026;10027;10030;10031;10036;10045;10046;10054;10058;10068;10078
398,78,8254;8262;8263;8266;8271;8272;8281;8282;8458;8463;8473;8474;8483;8486;8491;8502;8679;8683;8684;8693;8694;8703;8706;8711;8722;8903;8904;8913;8914;8922;8923;8932;8942;9118;9123;9133;9143;9152;9162;9170;9320;9343;9344;9353;9362;9363;9366;9372;9382;9558;9563;9564;9573;9586;9602;9610;9759;9778;9783;9784;9793;9802;9803;9806;9812;10003;10017;10026;10027;10030;10031;10036;10045;10046;10054;10058;10068;10078
399,78,8254;8262;8263;8266;8271;8272;8281;8282;8458;8463;8473;8474;8483;8486;8491;8502;8679;8683;8684;8693;8694;8703;8706;8711;8722;8903;8904;8913;8914;8922;8923;8932;8942;9118;9123;9133;9143;9152;9162;9170;9320;9343;9344;9353;9362;9363;9366;9372;9382;9558;9563;9564;9573;9586;9602;9610;9759;9778;9783;9784;9793;9802;9803;9806;9812;10003;10017;10026;10027;10030;10031;10036;10045;10046;10054;10058;10068;10078
400,78,8254;8262;8263;8266;8271;8272;8281;8282;8458;8463;8473;8474;8483;8486;8491;8502;8679;8683;8684;8693;8694;8703;8706;8711;8722;8903;8904;8913;8914;8922;8923;8932;8942;9118;9123;9133;9143;9152;9162;9170;9320;9343;9344;9353;9362;9363;9366;9372;9382;9558;9563;9564;9573;9586;9602;9610;9759;9778;9783;9784;9793;9802;9803;9806;9812;10003;10017;10026;10027;10030;10031;10036;10045;10046;10054;10058;10068;10078
401,78,8254;8262;8263;8266;8271;8272;8281;8282;8458;8463;8473;8474;8483;8486;8491;8502;8679;8683;8684;8693;8694;8703;8706;8711;8722;8903;8904;8913;8914;8922;8923;8932;8942;9118;9123;9133;9143;9152;9162;9170;9320;9343;9344;9353;9362;9363;9366;9372;9382;9558;9563;9564;9573;9586;9602;9610;9759;9778;9783;9784;9793;9802;9803;9806;9812;10003;10017;10026;10027;10030;10031;10036;10045;10046;10054;10058;10068;10078
402,78,8254;8262;8263;8266;8271;8272;8281;8282;8458;8463;8473;8474;8483;8486;8491;8502;8679;8683;8684;8693;8694;8703;8706;8711;8722;8903;8904;8913;8914;8922;8923;8932;8942;9118;9123;9133;9143;9152;9162;9170;9320;9343;9344;9353;9362;9363;9366;9372;9382;9558;9563;9564;9573;9586;9602;9610;9759;9778;9783;9784;9793;9802;9803;9806;9812;10003;10017;10026;10027;10030;10031;10036;10045;10046;10054;10058;10068;10078
403,78,8254;8262;8263;8266;8271;8272;8281;8282;8458;8463;8473;8474;8483;8486;8491;8502;8679;8683;8684;8693;8694;8703;8706;8711;8722;8903;8904;8913;8914;8922;8923;8932;8942;9118;9123;9133;9143;9152;9162;9170;9320;9343;9344;9353;9362;9363;9366;9372;9382;9558;9563;9564;9573;9586;9602;9610;9759;9778;9783;9784;9793;9802;9803;9806;9812;10003;10017;10026;10027;10030;10031;10036;10045;10046;10054;10058;10068;10078
404,78,8254;8262;8263;8266;8271;8272;8281;8282;8458;8463;8473;8474;8483;8486;8491;8502;8679;8683;8684;8693;8694;8703;8706;8711;8722;8903;8904;8913;8914;8922;8923;8932;8942;9118;9123;9133;9143;9152;9162;9170;9320;9343;9344;9353;9362;9363;9366;9372;9382;9558;9563;9564;9573;9586;9602;9610;9759;9778;9783;9784;9793;9802;9803;9806;9812;10003;10017;10026;10027;10030;10031;10036;10045;10046;10054;10058;10068;10078
405,78,8254;8262;8263;8266;8271;8272;8281;8282;8458;8463;8473;8474;8483;8486;8491;8502;8679;8683;8684;8693;8694;8703;8706;8711;8722;8903;8904;8913;8914;8922;8923;8932;8942;9118;9123;9133;9143;9152;9162;9170;9320;9343;9344;9353;9362;9363;9366;9372;9382;9558;9563;9564;9573;9586;9602;9610;9759;9778;9783;9784;9793;9802;9803;9806;9812;10003;10017;10026;10027;10030;10031;10036;10045;10046;10054;10058;10068;10078
406,78,8254;8262;8263;8266;8271;8272;8281;8282;8458;8463;8473;8474;8483;8486;8491;8502;8679;8683;8684;8693;8694;8703;8706;8711;8722;8903;8904;8913;8914;8922;8923;8932;8942;9118;9123;9133;9143;9152;9162;9170;9320;9343;9344;9353;9362;9363;9366;9372;9382;9558;9563;9564;9573;9586;9602;9610;9759;9778;9783;9784;9793;9802;9803;9806;9812;10003;10017;10026;10027;10030;10031;10036;10045;10046;10054;10058;10068;10078
407,78,8254;8262;8263;8266;8271;8272;8281;8282;8458;8463;8473;8474;8483;8486;8491;8502;8679;8683;8684;8693;8694;8703;8706;8711;8722;8903;8904;8913;8914;8922;8923;8932;8942;9118;9123;9133;9143;9152;9162;9170;9320;9343;9344;9353;9362;9363;9366;9372;9382;9558;9563;9564;9573;9586;9602;9610;9759;9778;9783;9784;9793;9802;9803;9806;9812;10003;10017;10026;10027;10030;10031;10036;10045;10046;10054;10058;10068;10078
408,78,8254;8262;8263;8266;8271;8272;8281;8282;8458;8463;8473;8474;8483;8486;8491;8502;8679;8683;8684;8693;8694;8703;8706;8711;8722;8903;8904;8913;8914;8922;8923;8932;8942;9118;9123;9133;9143;9152;9162;9170;9320;9343;9344;9353;9362;9363;9366;9372;9382;9558;9563;9564;9573;9586;9602;9610;9759;9778;9783;9784;9793;9802;9803;9806;9812;10003;10017;10026;10027;10030;10031;10036;10045;10046;10054;10058;10068;10078
409,78,8254;8262;8263;8266;8271;8272;8281;8282;8458;8463;8473;8474;8483;8486;8491;8502;8679;8683;8684;8693;8694;8703;8706;8711;8722;8903;8904;8913;8914;8922;8923;8932;8942;9118;9123;9133;9143;9152;9162;9170;9320;9343;9344;9353;9362;9363;9366;9372;9382;9558;9563;9564;9573;9586;9602;9610;9759;9778;9783;9784;9793;9802;9803;9806;9812;10003;10017;10026;10027;10030;10031;10036;10045;10046;10054;10058;10068;10078
410,78,8254;8262;8263;8266;8271;8272;8281;8282;8458;8463;8473;8474;8483;8486;8491;8502;8679;8683;8684;8693;8694;8703;8706;8711;8722;8903;8904;8913;8914;8922;8923;8932;8942;9118;9123;9133;9143;9152;9162;9170;9320;9343;9344;9353;9362;9363;9366;9372;9382;9558;9563;9564;9573;9586;9602;9610;9759;9778;9783;9784;9793;9802;9803;9806;9812;10003;10017;10026;10027;10030;10031;10036;10045;10046;10054;10058;10068;10078
411,78,8254;8262;8263;8266;8271;8272;8281;8282;8458;8463;8473;8474;8483;8486;8491;8502;8679;8683;8684;8693;8694;8703;8706;8711;8722;8903;8904;8913;8914;8922;8923;8932;8942;9118;9123;9133;9143;9152;9162;9170;9320;9343;9344;9353;9362;9363;9366;9372;9382;9558;9563;9564;9573;9586;9602;9610;9759;9778;9783;9784;9793;9802;9803;9806;9812;10003;10017;10026;10027;10030;10031;10036;10045;10046;10054;10058;10068;10078
412,78,8254;8262;8263;8266;8271;8272;8281;8282;8458;8463;8473;8474;8483;8486;8491;8502;8679;8683;8684;8693;8694;8703;8706;8711;8722;8903;8904;8913;8914;8922;8923;8932;8942;9118;9123;9133;9143;9152;9162;9170;9320;9343;9344;9353;9362;9363;9366;9372;9382;9558;9563;9564;9573;9586;9602;9610;9759;9778;9783;9784;9793;9802;9803;9806;9812;10003;10017;10026;10027;10030;10031;10036;10045;10046;10054;10058;10068;10078
413,78,8254;8262;8263;8266;8271;8272;8281;8282;8458;8463;8473;8474;8483;8486;8491;8502;8679;8683;8684;8693;8694;8703;8706;8711;8722;8903;8904;8913;8914;8922;8923;8932;8942;9118;9123;9133;9143;9152;9162;9170;9320;9343;9344;9353;9362;9363;9366;9372;9382;9558;9563;9564;9573;9586;9602;9610;9759;9778;9783;9784;9793;9802;9803;9806;9812;10003;10017;10026;10027;10030;10031;10036;10045;10046;10054;10058;10068;10078
414,78,8254;8262;8263;8266;8271;8272;8281;8282;8458;8463;8473;8474;8483;8486;8491;8502;8679;8683;8684;8693;8694;8703;8706;8711;8722;8903;8904;8913;8914;8922;8923;8932;8942;9118;9123;9133;9143;9152;9162;9170;9320;9343;9344;9353;9362;9363;9366;9372;9382;9558;9563;9564;9573;9586;9602;9610;9759;9778;9783;9784;9793;9802;9803;9806;9812;10003;10017;10026;10027;10030;10031;10036;10045;10046;10054;10058;10068;10078
415,78,8254;8262;8263;8266;8271;8272;8281;8282;8458;8463;8473;8474;8483;8486;8491;8502;8679;8683;8684;8693;8694;8703;8706;8711;8722;8903;8904;8913;8914;8922;8923;8932;8942;9118;9123;9133;9143;9152;9162;9170;9320;9343;9344;9353;9362;9363;9366;9372;9382;9558;9563;9564;9573;9586;9602;9610;9759;9778;9783;9784;9793;9802;9803;9806;9812;10003;10017;10026;10027;10030;10031;10036;10045;10046;10054;10058;10068;10078
416,78,8254;8262;8263;8266;8271;8272;8281;8282;8458;8463;8473;8474;8483;8486;8491;8502;8679;8683;8684;8693;8694;8703;8706;8711;8722;8903;8904;8913;8914;8922;8923;8932;8942;9118;9123;9133;9143;9152;9162;9170;9320;9343;9344;9353;9362;9363;9366;9372;9382;9558;9563;9564;9573;9586;9602;9610;9759;9778;9783;9784;9793;9802;9803;9806;9812;10003;10017;10026;10027;10030;10031;10036;10045;10046;10054;10058;10068;10078
417,78,8254;8262;8263;8266;8271;8272;8281;8282;8458;8463;8473;8474;8483;8486;8491;8502;8679;8683;8684;8693;8694;8703;8706;8711;8722;8903;8904;8913;8914;8922;8923;8932;8942;9118;9123;9133;9143;9152;9162;9170;9320;9343;9344;9353;9362;9363;9366;9372;9382;9558;9563;9564;9573;9586;9602;9610;9759;9778;9783;9784;9793;9802;9803;9806;9812;10003;10017;10026;10027;10030;10031;10036;10045;10046;10054;10058;10068;10078
418,78,8254;8262;8263;8266;8271;8272;8281;8282;8458;8463;8473;8474;8483;8486;8491;8502;8679;8683;8684;8693;8694;8703;8706;8711;8722;8903;8904;8913;8914;8922;8923;8932;8942;9118;9123;9133;9143;9152;9162;9170;9320;9343;9344;9353;9362;9363;9366;9372;9382;9558;9563;9564;9573;9586;9602;9610;9759;9778;9783;9784;9793;9802;9803;9806;9812;10003;10017;10026;10027;10030;10031;10036;10045;10046;10054;10058;10068;10078
419,78,8254;8262;8263;8266;8271;8272;8281;8282;8458;8463;8473;8474;8483;8486;8491;8502;8679;8683;8684;8693;8694;8703;8706;8711;8722;8903;8904;8913;8914;8922;8923;8932;8942;9118;9123;9133;9143;9152;9162;9170;9320;9343;9344;9353;9362;9363;9366;9372;9382;9558;9563;9564;9573;9586;9602;9610;9759;9778;9783;9784;9793;9802;9803;9806;9812;10003;10017;10026;10027;10030;10031;10036;10045;10046;10054;10058;10068;10078
420,121,8254;8262;8263;8266;8271;8272;8281;8282;8458;8463;8473;8474;8483;8486;8491;8502;8679;8683;8684;8693;8694;8703;8706;8711;8722;8903;8904;8913;8914;8922;8923;8932;8942;9118;9123;9133;9143;9152;9162;9170;9320;9343;9344;9353;9362;9363;9366;9372;9382;9558;9563;9564;9573;9586;9602;9610;9759;9778;9783;9784;9793;9802;9803;9806;9812;10003;10017;10026;10027;10030;10031;10036;10045;10046;10054;10058;10068;10078;11351;11545;11547;11569;11571;11576;11584;11591;11601;11615;11624;11765;11766;11789;11791;11792;11793;11804;11811;11821;11839;11983;12009;12010;12011;12035;12036;12037;12038;12039;12040;12044;12056;12063;12066;12067;12068;12069;12072;12073;12076;12091;12095
421,109,8254;8262;8263;8266;8271;8272;8281;8282;8458;8463;8473;8474;8483;8486;8491;8502;8679;8683;8684;8693;8694;8703;8706;8711;8722;8903;8904;8913;8914;8922;8923;8932;8942;9118;9123;9133;9143;9152;9162;9320;9343;9344;9353;9362;9363;9366;9372;9382;9563;9586;10495;10497;10689;10691;10692;10707;10717;10721;10724;10735;10909;10911;10924;10927;10931;10937;10941;11129;11131;11151;11157;11161;11164;11175;11349;11351;11356;11364;11371;11381;11384;11395;11569;11576;11584;11591;11596;11601;11605;11615;11624;11792;11793;11804;11811;11821;11839;12035;12040;12044;12056;12063;12068;12069;12072;12073;12076;12091;12095
422,84,8254;8262;8263;8266;8271;8272;8281;8282;8463;8473;8474;8483;8486;8491;8502;8706;8711;10271;10273;10275;10276;10277;10281;10284;10292;10295;10484;10487;10493;10495;10496;10497;10501;10504;10512;10515;10692;10707;10717;10721;10724;10735;10924;10927;10931;10937;10941;11151;11157;11161;11164;11175;11356;11364;11371;11381;11384;11395;11576;11584;11591;11596;11601;11605;11615;11624;11792;11793;11804;11811;11821;11839;12035;12040;12044;12056;12063;12068;12069;12072;12073;12076;12091;12095
423,63,10271;10276;10277;10281;10284;10292;10295;10484;10487;10496;10497;10501;10504;10512;10515;10692;10707;10717;10721;10724;10735;10924;10927;10931;10937;10941;11151;11157;11161;11164;11175;11356;11364;11371;11381;11384;11395;11576;11584;11591;11596;11601;11605;11615;11624;11792;11793;11804;11811;11821;11839;12035;12040;12044;12056;12063;12068;12069;12072;12073;12076;12091;12095
424,63,10271;10276;10277;10281;10284;10292;10295;10484;10487;10496;10497;10501;10504;10512;10515;10692;10707;10717;10721;10724;10735;10924;10927;10931;10937;10941;11151;11157;11161;11164;11175;11356;11364;11371;11381;11384;11395;11576;11584;11591;11596;11601;11605;11615;11624;11792;11793;11804;11811;11821;11839;12035;12040;12044;12056;12063;12068;12069;12072;12073;12076;12091;12095
425,63,10271;10276;10277;10281;10284;10292;10295;10484;10487;10496;10497;10501;10504;10512;10515;10692;10707;10717;10721;10724;10735;10924;10927;10931;10937;10941;11151;11157;11161;11164;11175;11356;11364;11371;11381;11384;11395;11576;11584;11591;11596;11601;11605;11615;11624;11792;11793;11804;11811;11821;11839;12035;12040;12044;12056;12063;12068;12069;12072;12073;12076;12091;12095
426,63,10271;10276;10277;10281;10284;10292;10295;10484;10487;10496;10497;10501;10504;10512;10515;10692;10707;10717;10721;10724;10735;10924;10927;10931;10937;10941;11151;11157;11161;11164;11175;11356;11364;11371;11381;11384;11395;11576;11584;11591;11596;11601;11605;11615;11624;11792;11793;11804;11811;11821;11839;12035;12040;12044;12056;12063;12068;12069;12072;12073;12076;12091;12095
427,63,10271;10276;10277;10281;10284;10292;10295;10484;10487;10496;10497;10501;10504;10512;10515;10692;10707;10717;10721;10724;10735;10924;10927;10931;10937;10941;11151;11157;11161;11164;11175;11356;11364;11371;11381;11384;11395;11576;11584;11591;11596;11601;11605;11615;11624;11792;11793;11804;11811;11821;11839;12035;12040;12044;12056;12063;12068;12069;12072;12073;12076;12091;12095
428,63,10271;10276;10277;10281;10284;10292;10295;10484;10487;10496;10497;10501;10504;10512;10515;10692;10707;10717;10721;10724;10735;10924;10927;10931;10937;10941;11151;11157;11161;11164;11175;11356;11364;11371;11381;11384;11395;11576;11584;11591;11596;11601;11605;11615;11624;11792;11793;11804;11811;11821;11839;12035;12040;12044;12056;12063;12068;12069;12072;12073;12076;12091;12095
429,63,10271;10276;10277;10281;10284;10292;10295;10484;10487;10496;10497;10501;10504;10512;10515;10692;10707;10717;10721;10724;10735;10924;10927;10931;10937;10941;11151;11157;11161;11164;11175;11356;11364;11371;11381;11384;11395;11576;11584;11591;11596;11601;11605;11615;11624;11792;11793;11804;11811;11821;11839;12035;12040;12044;12056;12063;12068;12069;12072;12073;12076;12091;12095
430,63,10271;10276;10277;10281;10284;10292;10295;10484;10487;10496;10497;10501;10504;10512;10515;10692;10707;10717;10721;10724;10735;10924;10927;10931;10937;10941;11151;11157;11161;11164;11175;11356;11364;11371;11381;11384;11395;11576;11584;11591;11596;11601;11605;11615;11624;11792;11793;11804;11811;11821;11839;12035;12040;12044;12056;12063;12068;12069;12072;12073;12076;12091;12095
431,63,10271;10276;10277;10281;10284;10292;10295;10484;10487;10496;10497;10501;10504;10512;10515;10692;10707;10717;10721;10724;10735;10924;10927;10931;10937;10941;11151;11157;11161;11164;11175;11356;11364;11371;11381;11384;11395;11576;11584;11591;11596;11601;11605;11615;11624;11792;11793;11804;11811;11821;11839;12035;12040;12044;12056;12063;12068;12069;12072;12073;12076;12091;12095
432,63,10271;10276;10277;10281;10284;10292;10295;10484;10487;10496;10497;10501;10504;10512;10515;10692;10707;10717;10721;10724;10735;10924;10927;10931;10937;10941;11151;11157;11161;11164;11175;11356;11364;11371;11381;11384;11395;11576;11584;11591;11596;11601;11605;11615;11624;11792;11793;11804;11811;11821;11839;12035;12040;12044;12056;12063;12068;12069;12072;12073;12076;12091;12095
433,63,10271;10276;10277;10281;10284;10292;10295;10484;10487;10496;10497;10501;10504;10512;10515;10692;10707;10717;10721;10724;10735;10924;10927;10931;10937;10941;11151;11157;11161;11164;11175;11356;11364;11371;11381;11384;11395;11576;11584;11591;11596;11601;11605;11615;11624;11792;11793;11804;11811;11821;11839;12035;12040;12044;12056;12063;12068;12069;12072;12073;12076;12091;12095
434,63,10271;10276;10277;10281;10284;10292;10295;10484;10487;10496;10497;10501;10504;10512;10515;10692;10707;10717;10721;10724;10735;10924;10927;10931;10937;10941;11151;11157;11161;11164;11175;11356;11364;11371;11381;11384;11395;11576;11584;11591;11596;11601;11605;11615;11624;11792;11793;11804;11811;11821;11839;12035;12040;12044;12056;12063;12068;12069;12072;12073;12076;12091;12095
435,63,10271;10276;10277;10281;10284;10292;10295;10484;10487;10496;10497;10501;10504;10512;10515;10692;10707;10717;10721;10724;10735;10924;10927;10931;10937;10941;11151;11157;11161;11164;11175;11356;11364;11371;11381;11384;11395;11576;11584;11591;11596;11601;11605;11615;11624;11792;11793;11804;11811;11821;11839;12035;12040;12044;12056;12063;12068;12069;12072;12073;12076;12091;12095
436,63,10271;10276;10277;10281;10284;10292;10295;10484;10487;10496;10497;10501;10504;10512;10515;10692;10707;10717;10721;10724;10735;10924;10927;10931;10937;10941;11151;11157;11161;11164;11175;11356;11364;11371;11381;11384;11395;11576;11584;11591;11596;11601;11605;11615;11624;11792;11793;11804;11811;11821;11839;12035;12040;12044;12056;12063;12068;12069;12072;12073;12076;12091;12095
437,63,10271;10276;10277;10281;10284;10292;10295;10484;10487;10496;10497;10501;10504;10512;10515;10692;10707;10717;10721;10724;10735;10924;10927;10931;10937;10941;11151;11157;11161;11164;11175;11356;11364;11371;11381;11384;11395;11576;11584;11591;11596;11601;11605;11615;11624;11792;11793;11804;11811;11821;11839;12035;12040;12044;12056;12063;12068;12069;12072;12073;12076;12091;12095
438,63,10271;10276;10277;10281;10284;10292;10295;10484;10487;10496;10497;10501;10504;10512;10515;10692;10707;10717;10721;10724;10735;10924;10927;10931;10937;10941;11151;11157;11161;11164;11175;11356;11364;11371;11381;11384;11395;11576;11584;11591;11596;11601;11605;11615;11624;11792;11793;11804;11811;11821;11839;12035;12040;12044;12056;12063;12068;12069;12072;12073;12076;12091;12095
439,63,10271;10276;10277;10281;10284;10292;10295;10484;10487;10496;10497;10501;10504;10512;10515;10692;10707;10717;10721;10724;10735;10924;10927;10931;10937;10941;11151;11157;11161;11164;11175;11356;11364;11371;11381;11384;11395;11576;11584;11591;11596;11601;11605;11615;11624;11792;11793;11804;11811;11821;11839;12035;12040;12044;12056;12063;12068;12069;12072;12073;12076;12091;12095
440,63,10271;10276;10277;10281;10284;10292;10295;10484;10487;10496;10497;10501;10504;10512;10515;10692;10707;10717;10721;10724;10735;10924;10927;10931;10937;10941;11151;11157;11161;11164;11175;11356;11364;11371;11381;11384;11395;11576;11584;11591;11596;11601;11605;11615;11624;11792;11793;11804;11811;11821;11839;12035;12040;12044;12056;12063;12068;12069;12072;12073;12076;12091;12095
441,63,10271;10276;10277;10281;10284;10292;10295;10484;10487;10496;10497;10501;10504;10512;10515;10692;10707;10717;10721;10724;10735;10924;10927;10931;10937;10941;11151;11157;11161;11164;11175;11356;11364;11371;11381;11384;11395;11576;11584;11591;11596;11601;11605;11615;11624;11792;11793;11804;11811;11821;11839;12035;12040;12044;12056;12063;12068;12069;12072;12073;12076;12091;12095
442,63,10271;10276;10277;10281;10284;10292;10295;10484;10487;10496;10497;10501;10504;10512;10515;10692;10707;10717;10721;10724;10735;10924;10927;10931;10937;10941;11151;11157;11161;11164;11175;11356;11364;11371;11381;11384;11395;11576;11584;11591;11596;11601;11605;11615;11624;11792;11793;11804;11811;11821;11839;12035;12040;12044;12056;12063;12068;12069;12072;12073;12076;12091;12095
443,63,10271;10276;10277;10281;10284;10292;10295;10484;10487;10496;10497;10501;10504;10512;10515;10692;10707;10717;10721;10724;10735;10924;10927;10931;10937;10941;11151;11157;11161;11164;11175;11356;11364;11371;11381;11384;11395;11576;11584;11591;11596;11601;11605;11615;11624;11792;11793;11804;11811;11821;11839;12035;12040;12044;12056;12063;12068;12069;12072;12073;12076;12091;12095
444,63,10271;10276;10277;10281;10284;10292;10295;10484;10487;10496;10497;10501;10504;10512;10515;10692;10707;10717;10721;10724;10735;10924;10927;10931;10937;10941;11151;11157;11161;11164;11175;11356;11364;11371;11381;11384;11395;11576;11584;11591;11596;11601;11605;11615;11624;11792;11793;11804;11811;11821;11839;12035;12040;12044;12056;12063;12068;12069;12072;12073;12076;12091;12095
445,63,10271;10276;10277;10281;10284;10292;10295;10484;10487;10496;10497;10501;10504;10512;10515;10692;10707;10717;10721;10724;10735;10924;10927;10931;10937;10941;11151;11157;11161;11164;11175;11356;11364;11371;11381;11384;11395;11576;11584;11591;11596;11601;11605;11615;11624;11792;11793;11804;11811;11821;11839;12035;12040;12044;12056;12063;12068;12069;12072;12073;12076;12091;12095
446,63,10271;10276;10277;10281;10284;10292;10295;10484;10487;10496;10497;10501;10504;10512;10515;10692;10707;10717;10721;10724;10735;10924;10927;10931;10937;10941;11151;11157;11161;11164;11175;11356;11364;11371;11381;11384;11395;11576;11584;11591;11596;11601;11605;11615;11624;11792;11793;11804;11811;11821;11839;12035;12040;12044;12056;12063;12068;12069;12072;12073;12076;12091;12095
447,63,10271;10276;10277;10281;10284;10292;10295;10484;10487;10496;10497;10501;10504;10512;10515;10692;10707;10717;10721;10724;10735;10924;10927;10931;10937;10941;11151;11157;11161;11164;11175;11356;11364;11371;11381;11384;11395;11576;11584;11591;11596;11601;11605;11615;11624;11792;11793;11804;11811;11821;11839;12035;12040;12044;12056;12063;12068;12069;12072;12073;12076;12091;12095
448,63,10271;10276;10277;10281;10284;10292;10295;10484;10487;10496;10497;10501;10504;10512;10515;10692;10707;10717;10721;10724;10735;10924;10927;10931;10937;10941;11151;11157;11161;11164;11175;11356;11364;11371;11381;11384;11395;11576;11584;11591;11596;11601;11605;11615;11624;11792;11793;11804;11811;11821;11839;12035;12040;12044;12056;12063;12068;12069;12072;12073;12076;12091;12095
449,63,10271;10276;10277;10281;10284;10292;10295;10484;10487;10496;10497;10501;10504;10512;10515;10692;10707;10717;10721;10724;10735;10924;10927;10931;10937;10941;11151;11157;11161;11164;11175;11356;11364;11371;11381;11384;11395;11576;11584;11591;11596;11601;11605;11615;11624;11792;11793;11804;11811;11821;11839;12035;12040;12044;12056;12063;12068;12069;12072;12073;12076;12091;12095
450,63,10271;10276;10277;10281;10284;10292;10295;10484;10487;10496;10497;10501;10504;10512;10515;10692;10707;10717;10721;10724;10735;10924;10927;10931;10937;10941;11151;11157;11161;11164;11175;11356;11364;11371;11381;11384;11395;11576;11584;11591;11596;11601;11605;11615;11624;11792;11793;11804;11811;11821;11839;12035;12040;12044;12056;12063;12068;12069;12072;12073;12076;12091;12095
451,63,10271;10276;10277;10281;10284;10292;10295;10484;10487;10496;10497;10501;10504;10512;10515;10692;10707;10717;10721;10724;10735;10924;10927;10931;10937;10941;11151;11157;11161;11164;11175;11356;11364;11371;11381;11384;11395;11576;11584;11591;11596;11601;11605;11615;11624;11792;11793;11804;11811;11821;11839;12035;12040;12044;12056;12063;12068;12069;12072;12073;12076;12091;12095
452,63,10271;10276;10277;10281;10284;10292;10295;10484;10487;10496;10497;10501;10504;10512;10515;10692;10707;10717;10721;10724;10735;10924;10927;10931;10937;10941;11151;11157;11161;11164;11175;11356;11364;11371;11381;11384;11395;11576;11584;11591;11596;11601;11605;11615;11624;11792;11793;11804;11811;11821;11839;12035;12040;12044;12056;12063;12068;12069;12072;12073;12076;12091;12095
453,63,10271;10276;10277;10281;10284;10292;10295;10484;10487;10496;10497;10501;10504;10512;10515;10692;10707;10717;10721;10724;10735;10924;10927;10931;10937;10941;11151;11157;11161;11164;11175;11356;11364;11371;11381;11384;11395;11576;11584;11591;11596;11601;11605;11615;11624;11792;11793;11804;11811;11821;11839;12035;12040;12044;12056;12063;12068;12069;12072;12073;12076;12091;12095
454,63,10271;10276;10277;10281;10284;10292;10295;10484;10487;10496;10497;10501;10504;10512;10515;10692;10707;10717;10721;10724;10735;10924;10927;10931;10937;10941;11151;11157;11161;11164;11175;11356;11364;11371;11381;11384;11395;11576;11584;11591;11596;11601;11605;11615;11624;11792;11793;11804;11811;11821;11839;12035;12040;12044;12056;12063;12068;12069;12072;12073;12076;12091;12095
455,63,10271;10276;10277;10281;10284;10292;10295;10484;10487;10496;10497;10501;10504;10512;10515;10692;10707;10717;10721;10724;10735;10924;10927;10931;10937;10941;11151;11157;11161;11164;11175;11356;11364;11371;11381;11384;11395;11576;11584;11591;11596;11601;11605;11615;11624;11792;11793;11804;11811;11821;11839;12035;12040;12044;12056;12063;12068;12069;12072;12073;12076;12091;12095
456,63,10271;10276;10277;10281;10284;10292;10295;10484;10487;10496;10497;10501;10504;10512;10515;10692;10707;10717;10721;10724;10735;10924;10927;10931;10937;10941;11151;11157;11161;11164;11175;11356;11364;11371;11381;11384;11395;11576;11584;11591;11596;11601;11605;11615;11624;11792;11793;11804;11811;11821;11839;12035;12040;12044;12056;12063;12068;12069;12072;12073;12076;12091;12095
457,63,10271;10276;10277;10281;10284;10292;10295;10484;10487;10496;10497;10501;10504;10512;10515;10692;10707;10717;10721;10724;10735;10924;10927;10931;10937;10941;11151;11157;11161;11164;11175;11356;11364;11371;11381;11384;11395;11576;11584;11591;11596;11601;11605;11615;11624;11792;11793;11804;11811;11821;11839;12035;12040;12044;12056;12063;12068;12069;12072;12073;12076;12091;12095
458,63,10271;10276;10277;10281;10284;10292;10295;10484;10487;10496;10497;10501;10504;10512;10515;10692;10707;10717;10721;10724;10735;10924;10927;10931;10937;10941;11151;11157;11161;11164;11175;11356;11364;11371;11381;11384;11395;11576;11584;11591;11596;11601;11605;11615;11624;11792;11793;11804;11811;11821;11839;12035;12040;12044;12056;12063;12068;12069;12072;12073;12076;12091;12095
459,82,10271;10276;10277;10281;10284;10292;10295;10484;10487;10496;10497;10501;10504;10512;10515;10692;10707;10717;10721;10724;10735;10924;10927;10931;10937;10941;11151;11157;11161;11164;11175;11356;11364;11371;11381;11384;11395;11576;11584;11591;11596;11601;11605;11615;11624;11626;11650;11792;11793;11804;11811;11821;11839;11851;11875;11878;11973;12001;12026;12027;12029;12035;12040;12042;12044;12052;12054;12055;12056;12057;12062;12063;12068;12069;12072;12073;12076;12086;12089;12091;12094;12095
460,119,10271;10276;10277;10281;10284;10292;10295;10484;10487;10496;10497;10501;10504;10512;10515;10692;10707;10717;10721;10724;10735;10924;10925;10927;10930;10931;10937;10941;11134;11139;11143;11145;11149;11151;11157;11159;11161;11162;11164;11168;11175;11178;11341;11354;11356;11359;11363;11364;11365;11369;11371;11379;11381;11382;11384;11388;11395;11398;11574;11576;11579;11583;11584;11585;11589;11591;11596;11598;11601;11602;11605;11608;11615;11618;11626;11650;11781;11792;11793;11794;11799;11800;11803;11804;11805;11809;11811;11818;11819;11821;11822;11828;11831;11839;11851;11875;11878;12027;12042;12044;12052;12055;12056;12057;12061;12062;12068;12069;12070;12072;12073;12074;12076;12084;12086;12087;12089;12091;12094
461,105,10260;10270;10271;10276;10277;10278;10279;10281;10282;10284;10287;10288;10291;10292;10293;10295;10297;10484;10485;10487;10489;10496;10497;10498;10499;10501;10502;10504;10508;10511;10512;10515;10517;10518;10692;10695;10705;10707;10710;10717;10718;10719;10721;10724;10727;10728;10731;10735;10738;10923;10924;10925;10927;10929;10930;10937;10938;10939;10941;10942;10958;11134;11139;11149;11159;11162;11164;11168;11175;11178;11354;11359;11369;11379;11382;11388;11398;11574;11579;11589;11598;11602;11608;11618;11626;11650;11794;11799;11800;11809;11818;11819;11822;11828;11851;11875;11878;12042;12052;12061;12062;12070;12074;12084;12094
462,70,10260;10270;10278;10279;10282;10287;10288;10297;10489;10498;10499;10502;10508;10517;10518;10695;10710;10718;10719;10727;10728;10738;10929;10930;10938;10939;10942;10958;11134;11139;11149;11159;11162;11168;11178;11354;11359;11369;11379;11382;11388;11398;11574;11579;11589;11598;11602;11608;11618;11626;11650;11794;11799;11800;11809;11818;11819;11822;11828;11851;11875;11878;12042;12052;12061;12062;12070;12074;12084;12094
463,70,10260;10270;10278;10279;10282;10287;10288;10297;10489;10498;10499;10502;10508;10517;10518;10695;10710;10718;10719;10727;10728;10738;10929;10930;10938;10939;10942;10958;11134;11139;11149;11159;11162;11168;11178;11354;11359;11369;11379;11382;11388;11398;11574;11579;11589;11598;11602;11608;11618;11626;11650;11794;11799;11800;11809;11818;11819;11822;11828;11851;11875;11878;12042;12052;12061;12062;12070;12074;12084;12094
464,70,10260;10270;10278;10279;10282;10287;10288;10297;10489;10498;10499;10502;10508;10517;10518;10695;10710;10718;10719;10727;10728;10738;10929;10930;10938;10939;10942;10958;11134;11139;11149;11159;11162;11168;11178;11354;11359;11369;11379;11382;11388;11398;11574;11579;11589;11598;11602;11608;11618;11626;11650;11794;11799;11800;11809;11818;11819;11822;11828;11851;11875;11878;12042;12052;12061;12062;12070;12074;12084;12094
465,70,10260;10270;10278;10279;10282;10287;10288;10297;10489;10498;10499;10502;10508;10517;10518;10695;10710;10718;10719;10727;10728;10738;10929;10930;10938;10939;10942;10958;11134;11139;11149;11159;11162;11168;11178;11354;11359;11369;11379;11382;11388;11398;11574;11579;11589;11598;11602;11608;11618;11626;11650;11794;11799;11800;11809;11818;11819;11822;11828;11851;11875;11878;12042;12052;12061;12062;12070;12074;12084;12094
466,70,10260;10270;10278;10279;10282;10287;10288;10297;10489;10498;10499;10502;10508;10517;10518;10695;10710;10718;10719;10727;10728;10738;10929;10930;10938;10939;10942;10958;11134;11139;11149;11159;11162;11168;11178;11354;11359;11369;11379;11382;11388;11398;11574;11579;11589;11598;11602;11608;11618;11626;11650;11794;11799;11800;11809;11818;11819;11822;11828;11851;11875;11878;12042;12052;12061;12062;12070;12074;12084;12094
467,70,10260;10270;10278;10279;10282;10287;10288;10297;10489;10498;10499;10502;10508;10517;10518;10695;10710;10718;10719;10727;10728;10738;10929;10930;10938;10939;10942;10958;11134;11139;11149;11159;11162;11168;11178;11354;11359;11369;11379;11382;11388;11398;11574;11579;11589;11598;11602;11608;11618;11626;11650;11794;11799;11800;11809;11818;11819;11822;11828;11851;11875;11878;12042;12052;12061;12062;12070;12074;12084;12094
468,70,10260;10270;10278;10279;10282;10287;10288;10297;10489;10498;10499;10502;10508;10517;10518;10695;10710;10718;10719;10727;10728;10738;10929;10930;10938;10939;10942;10958;11134;11139;11149;11159;11162;11168;11178;11354;11359;11369;11379;11382;11388;11398;11574;11579;11589;11598;11602;11608;11618;11626;11650;11794;11799;11800;11809;11818;11819;11822;11828;11851;11875;11878;12042;12052;12061;12062;12070;12074;12084;12094
469,70,10260;10270;10278;10279;10282;10287;10288;10297;10489;10498;10499;10502;10508;10517;10518;10695;10710;10718;10719;10727;10728;10738;10929;10930;10938;10939;10942;10958;11134;11139;11149;11159;11162;11168;11178;11354;11359;11369;11379;11382;11388;11398;11574;11579;11589;11598;11602;11608;11618;11626;11650;11794;11799;11800;11809;11818;11819;11822;11828;11851;11875;11878;12042;12052;12061;12062;12070;12074;12084;12094
470,70,10260;10270;10278;10279;10282;10287;10288;10297;10489;10498;10499;10502;10508;10517;10518;10695;10710;10718;10719;10727;10728;10738;10929;10930;10938;10939;10942;10958;11134;11139;11149;11159;11162;11168;11178;11354;11359;11369;11379;11382;11388;11398;11574;11579;11589;11598;11602;11608;11618;11626;11650;11794;11799;11800;11809;11818;11819;11822;11828;11851;11875;11878;12042;12052;12061;12062;12070;12074;12084;12094
471,70,10260;10270;10278;10279;10282;10287;10288;10297;10489;10498;10499;10502;10508;10517;10518;10695;10710;10718;10719;10727;10728;10738;10929;10930;10938;10939;10942;10958;11134;11139;11149;11159;11162;11168;11178;11354;11359;11369;11379;11382;11388;11398;11574;11579;11589;11598;11602;11608;11618;11626;11650;11794;11799;11800;11809;11818;11819;11822;11828;11851;11875;11878;12042;12052;12061;12062;12070;12074;12084;12094
472,70,10260;10270;10278;10279;10282;10287;10288;10297;10489;10498;10499;10502;10508;10517;10518;10695;10710;10718;10719;10727;10728;10738;10929;10930;10938;10939;10942;10958;11134;11139;11149;11159;11162;11168;11178;11354;11359;11369;11379;11382;11388;11398;11574;11579;11589;11598;11602;11608;11618;11626;11650;11794;11799;11800;11809;11818;11819;11822;11828;11851;11875;11878;12042;12052;12061;12062;12070;12074;12084;12094
473,70,10260;10270;10278;10279;10282;10287;10288;10297;10489;10498;10499;10502;10508;10517;10518;10695;10710;10718;10719;10727;10728;10738;10929;10930;10938;10939;10942;10958;11134;11139;11149;11159;11162;11168;11178;11354;11359;11369;11379;11382;11388;11398;11574;11579;11589;11598;11602;11608;11618;11626;11650;11794;11799;11800;11809;11818;11819;11822;11828;11851;11875;11878;12042;12052;12061;12062;12070;12074;12084;12094
474,70,10260;10270;10278;10279;10282;10287;10288;10297;10489;10498;10499;10502;10508;10517;10518;10695;10710;10718;10719;10727;10728;10738;10929;10930;10938;10939;10942;10958;11134;11139;11149;11159;11162;11168;11178;11354;11359;11369;11379;11382;11388;11398;11574;11579;11589;11598;11602;11608;11618;11626;11650;11794;11799;11800;11809;11818;11819;11822;11828;11851;11875;11878;12042;12052;12061;12062;12070;12074;12084;12094
475,70,10260;10270;10278;10279;10282;10287;10288;10297;10489;10498;10499;10502;10508;10517;10518;10695;10710;10718;10719;10727;10728;10738;10929;10930;10938;10939;10942;10958;11134;11139;11149;11159;11162;11168;11178;11354;11359;11369;11379;11382;11388;11398;11574;11579;11589;11598;11602;11608;11618;11626;11650;11794;11799;11800;11809;11818;11819;11822;11828;11851;11875;11878;12042;12052;12061;12062;12070;12074;12084;12094
476,70,10260;10270;10278;10279;10282;10287;10288;10297;10489;10498;10499;10502;10508;10517;10518;10695;10710;10718;10719;10727;10728;10738;10929;10930;10938;10939;10942;10958;11134;11139;11149;11159;11162;11168;11178;11354;11359;11369;11379;11382;11388;11398;11574;11579;11589;11598;11602;11608;11618;11626;11650;11794;11799;11800;11809;11818;11819;11822;11828;11851;11875;11878;12042;12052;12061;12062;12070;12074;12084;12094
477,70,10260;10270;10278;10279;10282;10287;10288;10297;10489;10498;10499;10502;10508;10517;10518;10695;10710;10718;10719;10727;10728;10738;10929;10930;10938;10939;10942;10958;11134;11139;11149;11159;11162;11168;11178;11354;11359;11369;11379;11382;11388;11398;11574;11579;11589;11598;11602;11608;11618;11626;11650;11794;11799;11800;11809;11818;11819;11822;11828;11851;11875;11878;12042;12052;12061;12062;12070;12074;12084;12094
478,70,10260;10270;10278;10279;10282;10287;10288;10297;10489;10498;10499;10502;10508;10517;10518;10695;10710;10718;10719;10727;10728;10738;10929;10930;10938;10939;10942;10958;11134;11139;11149;11159;11162;11168;11178;11354;11359;11369;11379;11382;11388;11398;11574;11579;11589;11598;11602;11608;11618;11626;11650;11794;11799;11800;11809;11818;11819;11822;11828;11851;11875;11878;12042;12052;12061;12062;12070;12074;12084;12094
479,70,10260;10270;10278;10279;10282;10287;10288;10297;10489;10498;10499;10502;10508;10517;10518;10695;10710;10718;10719;10727;10728;10738;10929;10930;10938;10939;10942;10958;11134;11139;11149;11159;11162;11168;11178;11354;11359;11369;11379;11382;11388;11398;11574;11579;11589;11598;11602;11608;11618;11626;11650;11794;11799;11800;11809;11818;11819;11822;11828;11851;11875;11878;12042;12052;12061;12062;12070;12074;12084;12094
480,70,10260;10270;10278;10279;10282;10287;10288;10297;10489;10498;10499;10502;10508;10517;10518;10695;10710;10718;10719;10727;10728;10738;10929;10930;10938;10939;10942;10958;11134;11139;11149;11159;11162;11168;11178;11354;11359;11369;11379;11382;11388;11398;11574;11579;11589;11598;11602;11608;11618;11626;11650;11794;11799;11800;11809;11818;11819;11822;11828;11851;11875;11878;12042;12052;12061;12062;12070;12074;12084;12094
481,70,10260;10270;10278;10279;10282;10287;10288;10297;10489;10498;10499;10502;10508;10517;10518;10695;10710;10718;10719;10727;10728;10738;10929;10930;10938;10939;10942;10958;11134;11139;11149;11159;11162;11168;11178;11354;11359;11369;11379;11382;11388;11398;11574;11579;11589;11598;11602;11608;11618;11626;11650;11794;11799;11800;11809;11818;11819;11822;11828;11851;11875;11878;12042;12052;12061;12062;12070;12074;12084;12094
482,70,10260;10270;10278;10279;10282;10287;10288;10297;10489;10498;10499;10502;10508;10517;10518;10695;10710;10718;10719;10727;10728;10738;10929;10930;10938;10939;10942;10958;11134;11139;11149;11159;11162;11168;11178;11354;11359;11369;11379;11382;11388;11398;11574;11579;11589;11598;11602;11608;11618;11626;11650;11794;11799;11800;11809;11818;11819;11822;11828;11851;11875;11878;12042;12052;12061;12062;12070;12074;12084;12094
483,70,10260;10270;10278;10279;10282;10287;10288;10297;10489;10498;10499;10502;10508;10517;10518;10695;10710;10718;10719;10727;10728;10738;10929;10930;10938;10939;10942;10958;11134;11139;11149;11159;11162;11168;11178;11354;11359;11369;11379;11382;11388;11398;11574;11579;11589;11598;11602;11608;11618;11626;11650;11794;11799;11800;11809;11818;11819;11822;11828;11851;11875;11878;12042;12052;12061;12062;12070;12074;12084;12094
484,70,10260;10270;10278;10279;10282;10287;10288;10297;10489;10498;10499;10502;10508;10517;10518;10695;10710;10718;10719;10727;10728;10738;10929;10930;10938;10939;10942;10958;11134;11139;11149;11159;11162;11168;11178;11354;11359;11369;11379;11382;11388;11398;11574;11579;11589;11598;11602;11608;11618;11626;11650;11794;11799;11800;11809;11818;11819;11822;11828;11851;11875;11878;12042;12052;12061;12062;12070;12074;12084;12094
485,70,10260;10270;10278;10279;10282;10287;10288;10297;10489;10498;10499;10502;10508;10517;10518;10695;10710;10718;10719;10727;10728;10738;10929;10930;10938;10939;10942;10958;11134;11139;11149;11159;11162;11168;11178;11354;11359;11369;11379;11382;11388;11398;11574;11579;11589;11598;11602;11608;11618;11626;11650;11794;11799;11800;11809;11818;11819;11822;11828;11851;11875;11878;12042;12052;12061;12062;12070;12074;12084;12094
486,70,10260;10270;10278;10279;10282;10287;10288;10297;10489;10498;10499;10502;10508;10517;10518;10695;10710;10718;10719;10727;10728;10738;10929;10930;10938;10939;10942;10958;11134;11139;11149;11159;11162;11168;11178;11354;11359;11369;11379;11382;11388;11398;11574;11579;11589;11598;11602;11608;11618;11626;11650;11794;11799;11800;11809;11818;11819;11822;11828;11851;11875;11878;12042;12052;12061;12062;12070;12074;12084;12094
487,70,10260;10270;10278;10279;10282;10287;10288;10297;10489;10498;10499;10502;10508;10517;10518;10695;10710;10718;10719;10727;10728;10738;10929;10930;10938;10939;10942;10958;11134;11139;11149;11159;11162;11168;11178;11354;11359;11369;11379;11382;11388;11398;11574;11579;11589;11598;11602;11608;11618;11626;11650;11794;11799;11800;11809;11818;11819;11822;11828;11851;11875;11878;12042;12052;12061;12062;12070;12074;12084;12094
488,70,10260;10270;10278;10279;10282;10287;10288;10297;10489;10498;10499;10502;10508;10517;10518;10695;10710;10718;10719;10727;10728;10738;10929;10930;10938;10939;10942;10958;11134;11139;11149;11159;11162;11168;11178;11354;11359;11369;11379;11382;11388;11398;11574;11579;11589;11598;11602;11608;11618;11626;11650;11794;11799;11800;11809;11818;11819;11822;11828;11851;11875;11878;12042;12052;12061;12062;12070;12074;12084;12094
489,70,10260;10270;10278;10279;10282;10287;10288;10297;10489;10498;10499;10502;10508;10517;10518;10695;10710;10718;10719;10727;10728;10738;10929;10930;10938;10939;10942;10958;11134;11139;11149;11159;11162;11168;11178;11354;11359;11369;11379;11382;11388;11398;11574;11579;11589;11598;11602;11608;11618;11626;11650;11794;11799;11800;11809;11818;11819;11822;11828;11851;11875;11878;12042;12052;12061;12062;12070;12074;12084;12094
490,70,10260;10270;10278;10279;10282;10287;10288;10297;10489;10498;10499;10502;10508;10517;10518;10695;10710;10718;10719;10727;10728;10738;10929;10930;10938;10939;10942;10958;11134;11139;11149;11159;11162;11168;11178;11354;11359;11369;11379;11382;11388;11398;11574;11579;11589;11598;11602;11608;11618;11626;11650;11794;11799;11800;11809;11818;11819;11822;11828;11851;11875;11878;12042;12052;12061;12062;12070;12074;12084;12094
491,70,10260;10270;10278;10279;10282;10287;10288;10297;10489;10498;10499;10502;10508;10517;10518;10695;10710;10718;10719;10727;10728;10738;10929;10930;10938;10939;10942;10958;11134;11139;11149;11159;11162;11168;11178;11354;11359;11369;11379;11382;11388;11398;11574;11579;11589;11598;11602;11608;11618;11626;11650;11794;11799;11800;11809;11818;11819;11822;11828;11851;11875;11878;12042;12052;12061;12062;12070;12074;12084;12094
492,70,10260;10270;10278;10279;10282;10287;10288;10297;10489;10498;10499;10502;10508;10517;10518;10695;10710;10718;10719;10727;10728;10738;10929;10930;10938;10939;10942;10958;11134;11139;11149;11159;11162;11168;11178;11354;11359;11369;11379;11382;11388;11398;11574;11579;11589;11598;11602;11608;11618;11626;11650;11794;11799;11800;11809;11818;11819;11822;11828;11851;11875;11878;12042;12052;12061;12062;12070;12074;12084;12094
493,70,10260;10270;10278;10279;10282;10287;10288;10297;10489;10498;10499;10502;10508;10517;10518;10695;10710;10718;10719;10727;10728;10738;10929;10930;10938;10939;10942;10958;11134;11139;11149;11159;11162;11168;11178;11354;11359;11369;11379;11382;11388;11398;11574;11579;11589;11598;11602;11608;11618;11626;11650;11794;11799;11800;11809;11818;11819;11822;11828;11851;11875;11878;12042;12052;12061;12062;12070;12074;12084;12094
494,70,10260;10270;10278;10279;10282;10287;10288;10297;10489;10498;10499;10502;10508;10517;10518;10695;10710;10718;10719;10727;10728;10738;10929;10930;10938;10939;10942;10958;11134;11139;11149;11159;11162;11168;11178;11354;11359;11369;11379;11382;11388;11398;11574;11579;11589;11598;11602;11608;11618;11626;11650;11794;11799;11800;11809;11818;11819;11822;11828;11851;11875;11878;12042;12052;12061;12062;12070;12074;12084;12094
495,70,10260;10270;10278;10279;10282;10287;10288;10297;10489;10498;10499;10502;10508;10517;10518;10695;10710;10718;10719;10727;10728;10738;10929;10930;10938;10939;10942;10958;11134;11139;11149;11159;11162;11168;11178;11354;11359;11369;11379;11382;11388;11398;11574;11579;11589;11598;11602;11608;11618;11626;11650;11794;11799;11800;11809;11818;11819;11822;11828;11851;11875;11878;12042;12052;12061;12062;12070;12074;12084;12094
496,70,10260;10270;10278;10279;10282;10287;10288;10297;10489;10498;10499;10502;10508;10517;10518;10695;10710;10718;10719;10727;10728;10738;10929;10930;10938;10939;10942;10958;11134;11139;11149;11159;11162;11168;11178;11354;11359;11369;11379;11382;11388;11398;11574;11579;11589;11598;11602;11608;11618;11626;11650;11794;11799;11800;11809;11818;11819;11822;11828;11851;11875;11878;12042;12052;12061;12062;12070;12074;12084;12094
497,70,10260;10270;10278;10279;10282;10287;10288;10297;10489;10498;10499;10502;10508;10517;10518;10695;10710;10718;10719;10727;10728;10738;10929;10930;10938;10939;10942;10958;11134;11139;11149;11159;11162;11168;11178;11354;11359;11369;11379;11382;11388;11398;11574;11579;11589;11598;11602;11608;11618;11626;11650;11794;11799;11800;11809;11818;11819;11822;11828;11851;11875;11878;12042;12052;12061;12062;12070;12074;12084;12094
498,71,10260;10270;10278;10279;10282;10287;10288;10297;10489;10498;10499;10502;10508;10517;10518;10695;10710;10718;10719;10727;10728;10738;10929;10930;10938;10939;10942;10958;11134;11139;11149;11159;11162;11168;11178;11354;11359;11369;11379;11382;11388;11398;11574;11579;11589;11598;11602;11608;11618;11626;11650;11794;11799;11800;11809;11818;11819;11822;11828;11851;11875;11878;12042;12052;12061;12062;12070;12074;12084;12094;13861
499,113,10260;10270;10278;10279;10282;10287;10288;10297;10489;10498;10499;10502;10508;10517;10518;10695;10710;10718;10719;10727;10728;10738;10929;10930;10938;10939;10942;10958;11134;11139;11149;11159;11162;11168;11178;11354;11359;11369;11379;11382;11388;11398;11574;11579;11589;11598;11602;11608;11618;11626;11650;11794;11799;11800;11809;11818;11819;11822;11828;11851;11875;11878;12042;12052;12061;12062;12070;12074;12084;12094;13367;13561;13585;13587;13600;13607;13617;13631;13638;13663;13781;13805;13807;13820;13827;13831;13832;13837;13840;13848;13851;13855;13857;13861;13865;13884;13888;13892;14027;14051;14053;14054;14055;14079;14081;14082;14083;14084;14085;14089;14092;14107;14111
500,106,10260;10270;10278;10279;10282;10287;10288;10297;10489;10498;10499;10502;10508;10517;10518;10695;10710;10718;10719;10727;10728;10738;10929;10930;10938;10939;10942;10958;11134;11139;11149;11159;11162;11168;11178;11359;11369;11379;11382;11388;11398;11579;11602;12503;12507;12511;12513;12517;12705;12707;12708;12723;12731;12733;12737;12740;12748;12751;12925;12943;12947;12952;12953;12957;13145;13147;13160;13167;13172;13173;13177;13180;13191;13365;13367;13380;13387;13393;13397;13411;13585;13600;13607;13612;13617;13631;13820;13827;13832;13837;13840;13848;13851;13855;13861;13865;13888;13892;14051;14079;14084;14085;14089;14092;14107;14111
501,79,10260;10270;10278;10279;10282;10287;10288;10297;10499;10502;10508;10517;10518;12287;12289;12291;12292;12293;12300;12308;12311;12503;12507;12511;12512;12513;12517;12520;12528;12531;12708;12723;12733;12737;12740;12748;12751;12943;12947;12952;12953;12957;13160;13167;13172;13173;13177;13180;13191;13380;13387;13393;13397;13411;13600;13607;13612;13617;13631;13820;13827;13832;13837;13840;13848;13851;13855;13861;13865;13888;13892;14051;14079;14084;14085;14089;14092;14107;14111
502,63,12287;12292;12293;12300;12308;12311;12503;12507;12512;12513;12517;12520;12528;12531;12708;12723;12733;12737;12740;12748;12751;12943;12947;12952;12953;12957;13160;13167;13172;13173;13177;13180;13191;13380;13387;13393;13397;13411;13600;13607;13612;13617;13631;13820;13827;13832;13837;13840;13848;13851;13855;13861;13865;13888;13892;14051;14079;14084;14085;14089;14092;14107;14111
503,63,12287;12292;12293;12300;12308;12311;12503;12507;12512;12513;12517;12520;12528;12531;12708;12723;12733;12737;12740;12748;12751;12943;12947;12952;12953;12957;13160;13167;13172;13173;13177;13180;13191;13380;13387;13393;13397;13411;13600;13607;13612;13617;13631;13820;13827;13832;13837;13840;13848;13851;13855;13861;13865;13888;13892;14051;14079;14084;14085;14089;14092;14107;14111
504,63,12287;12292;12293;12300;12308;12311;12503;12507;12512;12513;12517;12520;12528;12531;12708;12723;12733;12737;12740;12748;12751;12943;12947;12952;12953;12957;13160;13167;13172;13173;13177;13180;13191;13380;13387;13393;13397;13411;13600;13607;13612;13617;13631;13820;13827;13832;13837;13840;13848;13851;13855;13861;13865;13888;13892;14051;14079;14084;14085;14089;14092;14107;14111
505,63,12287;12292;12293;12300;12308;12311;12503;12507;12512;12513;12517;12520;12528;12531;12708;12723;12733;12737;12740;12748;12751;12943;12947;12952;12953;12957;13160;13167;13172;13173;13177;13180;13191;13380;13387;13393;13397;13411;13600;13607;13612;13617;13631;13820;13827;13832;13837;13840;13848;13851;13855;13861;13865;13888;13892;14051;14079;14084;14085;14089;14092;14107;14111
506,63,12287;12292;12293;12300;12308;12311;12503;12507;12512;12513;12517;12520;12528;12531;12708;12723;12733;12737;12740;12748;12751;12943;12947;12952;12953;12957;13160;13167;13172;13173;13177;13180;13191;13380;13387;13393;13397;13411;13600;13607;13612;13617;13631;13820;13827;13832;13837;13840;13848;13851;13855;13861;13865;13888;13892;14051;14079;14084;14085;14089;14092;14107;14111
507,63,12287;12292;12293;12300;12308;12311;12503;12507;12512;12513;12517;12520;12528;12531;12708;12723;12733;12737;12740;12748;12751;12943;12947;12952;12953;12957;13160;13167;13172;13173;13177;13180;13191;13380;13387;13393;13397;13411;13600;13607;13612;13617;13631;13820;13827;13832;13837;13840;13848;13851;13855;13861;13865;13888;13892;14051;14079;14084;14085;14089;14092;14107;14111
508,63,12287;12292;12293;12300;12308;12311;12503;12507;12512;12513;12517;12520;12528;12531;12708;12723;12733;12737;12740;12748;12751;12943;12947;12952;12953;12957;13160;13167;13172;13173;13177;13180;13191;13380;13387;13393;13397;13411;13600;13607;13612;13617;13631;13820;13827;13832;13837;13840;13848;13851;13855;13861;13865;13888;13892;14051;14079;14084;14085;14089;14092;14107;14111
509,63,12287;12292;12293;12300;12308;12311;12503;12507;12512;12513;12517;12520;12528;12531;12708;12723;12733;12737;12740;12748;12751;12943;12947;12952;12953;12957;13160;13167;13172;13173;13177;13180;13191;13380;13387;13393;13397;13411;13600;13607;13612;13617;13631;13820;13827;13832;13837;13840;13848;13851;13855;13861;13865;13888;13892;14051;14079;14084;14085;14089;14092;14107;14111
510,63,12287;12292;12293;12300;12308;12311;12503;12507;12512;12513;12517;12520;12528;12531;12708;12723;12733;12737;12740;12748;12751;12943;12947;12952;12953;12957;13160;13167;13172;13173;13177;13180;13191;13380;13387;13393;13397;13411;13600;13607;13612;13617;13631;13820;13827;13832;13837;13840;13848;13851;13855;13861;13865;13888;13892;14051;14079;14084;14085;14089;14092;14107;14111
511,63,12287;12292;12293;12300;12308;12311;12503;12507;12512;12513;12517;12520;12528;12531;12708;12723;12733;12737;12740;12748;12751;12943;12947;12952;12953;12957;13160;13167;13172;13173;13177;13180;13191;13380;13387;13393;13397;13411;13600;13607;13612;13617;13631;13820;13827;13832;13837;13840;13848;13851;13855;13861;13865;13888;13892;14051;14079;14084;14085;14089;14092;14107;14111
512,63,12287;12292;12293;12300;12308;12311;12503;12507;12512;12513;12517;12520;12528;12531;12708;12723;12733;12737;12740;12748;12751;12943;12947;12952;12953;12957;13160;13167;13172;13173;13177;13180;13191;13380;13387;13393;13397;13411;13600;13607;13612;13617;13631;13820;13827;13832;13837;13840;13848;13851;13855;13861;13865;13888;13892;14051;14079;14084;14085;14089;14092;14107;14111
513,63,12287;12292;12293;12300;12308;12311;12503;12507;12512;12513;12517;12520;12528;12531;12708;12723;12733;12737;12740;12748;12751;12943;12947;12952;12953;12957;13160;13167;13172;13173;13177;13180;13191;13380;13387;13393;13397;13411;13600;13607;13612;13617;13631;13820;13827;13832;13837;13840;13848;13851;13855;13861;13865;13888;13892;14051;14079;14084;14085;14089;14092;14107;14111
514,63,12287;12292;12293;12300;12308;12311;12503;12507;12512;12513;12517;12520;12528;12531;12708;12723;12733;12737;12740;12748;12751;12943;12947;12952;12953;12957;13160;13167;13172;13173;13177;13180;13191;13380;13387;13393;13397;13411;13600;13607;13612;13617;13631;13820;13827;13832;13837;13840;13848;13851;13855;13861;13865;13888;13892;14051;14079;14084;14085;14089;14092;14107;14111
515,63,12287;12292;12293;12300;12308;12311;12503;12507;12512;12513;12517;12520;12528;12531;12708;12723;12733;12737;12740;12748;12751;12943;12947;12952;12953;12957;13160;13167;13172;13173;13177;13180;13191;13380;13387;13393;13397;13411;13600;13607;13612;13617;13631;13820;13827;13832;13837;13840;13848;13851;13855;13861;13865;13888;13892;14051;14079;14084;14085;14089;14092;14107;14111
516,63,12287;12292;12293;12300;12308;12311;12503;12507;12512;12513;12517;12520;12528;12531;12708;12723;12733;12737;12740;12748;12751;12943;12947;12952;12953;12957;13160;13167;13172;13173;13177;13180;13191;13380;13387;13393;13397;13411;13600;13607;13612;13617;13631;13820;13827;13832;13837;13840;13848;13851;13855;13861;13865;13888;13892;14051;14079;14084;14085;14089;14092;14107;14111
517,63,12287;12292;12293;12300;12308;12311;12503;12507;12512;12513;12517;12520;12528;12531;12708;12723;12733;12737;12740;12748;12751;12943;12947;12952;12953;12957;13160;13167;13172;13173;13177;13180;13191;13380;13387;13393;13397;13411;13600;13607;13612;13617;13631;13820;13827;13832;13837;13840;13848;13851;13855;13861;13865;13888;13892;14051;14079;14084;14085;14089;14092;14107;14111
518,63,12287;12292;12293;12300;12308;12311;12503;12507;12512;12513;12517;12520;12528;12531;12708;12723;12733;12737;12740;12748;12751;12943;12947;12952;12953;12957;13160;13167;13172;13173;13177;13180;13191;13380;13387;13393;13397;13411;13600;13607;13612;13617;13631;13820;13827;13832;13837;13840;13848;13851;13855;13861;13865;13888;13892;14051;14079;14084;14085;14089;14092;14107;14111
519,63,12287;12292;12293;12300;12308;12311;12503;12507;12512;12513;12517;12520;12528;12531;12708;12723;12733;12737;12740;12748;12751;12943;12947;12952;12953;12957;13160;13167;13172;13173;13177;13180;13191;13380;13387;13393;13397;13411;13600;13607;13612;13617;13631;13820;13827;13832;13837;13840;13848;13851;13855;13861;13865;13888;13892;14051;14079;14084;14085;14089;14092;14107;14111
520,63,12287;12292;12293;12300;12308;12311;12503;12507;12512;12513;12517;12520;12528;12531;12708;12723;12733;12737;12740;12748;12751;12943;12947;12952;12953;12957;13160;13167;13172;13173;13177;13180;13191;13380;13387;13393;13397;13411;13600;13607;13612;13617;13631;13820;13827;13832;13837;13840;13848;13851;13855;13861;13865;13888;13892;14051;14079;14084;14085;14089;14092;14107;14111
521,63,12287;12292;12293;12300;12308;12311;12503;12507;12512;12513;12517;12520;12528;12531;12708;12723;12733;12737;12740;12748;12751;12943;12947;12952;12953;12957;13160;13167;13172;13173;13177;13180;13191;13380;13387;13393;13397;13411;13600;13607;13612;13617;13631;13820;13827;13832;13837;13840;13848;13851;13855;13861;13865;13888;13892;14051;14079;14084;14085;14089;14092;14107;14111
522,63,12287;12292;12293;12300;12308;12311;12503;12507;12512;12513;12517;12520;12528;12531;12708;12723;12733;12737;12740;12748;12751;12943;12947;12952;12953;12957;13160;13167;13172;13173;13177;13180;13191;13380;13387;13393;13397;13411;13600;13607;13612;13617;13631;13820;13827;13832;13837;13840;13848;13851;13855;13861;13865;13888;13892;14051;14079;14084;14085;14089;14092;14107;14111
523,63,12287;12292;12293;12300;12308;12311;12503;12507;12512;12513;12517;12520;12528;12531;12708;12723;12733;12737;12740;12748;12751;12943;12947;12952;12953;12957;13160;13167;13172;13173;13177;13180;13191;13380;13387;13393;13397;13411;13600;13607;13612;13617;13631;13820;13827;13832;13837;13840;13848;13851;13855;13861;13865;13888;13892;14051;14079;14084;14085;14089;14092;14107;14111
524,63,12287;12292;12293;12300;12308;12311;12503;12507;12512;12513;12517;12520;12528;12531;12708;12723;12733;12737;12740;12748;12751;12943;12947;12952;12953;12957;13160;13167;13172;13173;13177;13180;13191;13380;13387;13393;13397;13411;13600;13607;13612;13617;13631;13820;13827;13832;13837;13840;13848;13851;13855;13861;13865;13888;13892;14051;14079;14084;14085;14089;14092;14107;14111
525,63,12287;12292;12293;12300;12308;12311;12503;12507;12512;12513;12517;12520;12528;12531;12708;12723;12733;12737;12740;12748;12751;12943;12947;12952;12953;12957;13160;13167;13172;13173;13177;13180;13191;13380;13387;13393;13397;13411;13600;13607;13612;13617;13631;13820;13827;13832;13837;13840;13848;13851;13855;13861;13865;13888;13892;14051;14079;14084;14085;14089;14092;14107;14111
526,63,12287;12292;12293;12300;12308;12311;12503;12507;12512;12513;12517;12520;12528;12531;12708;12723;12733;12737;12740;12748;12751;12943;12947;12952;12953;12957;13160;13167;13172;13173;13177;13180;13191;13380;13387;13393;13397;13411;13600;13607;13612;13617;13631;13820;13827;13832;13837;13840;13848;13851;13855;13861;13865;13888;13892;14051;14079;14084;14085;14089;14092;14107;14111
527,63,12287;12292;12293;12300;12308;12311;12503;12507;12512;12513;12517;12520;12528;12531;12708;12723;12733;12737;12740;12748;12751;12943;12947;12952;12953;12957;13160;13167;13172;13173;13177;13180;13191;13380;13387;13393;13397;13411;13600;13607;13612;13617;13631;13820;13827;13832;13837;13840;13848;13851;13855;13861;13865;13888;13892;14051;14079;14084;14085;14089;14092;14107;14111
528,63,12287;12292;12293;12300;12308;12311;12503;12507;12512;12513;12517;12520;12528;12531;12708;12723;12733;12737;12740;12748;12751;12943;12947;12952;12953;12957;13160;13167;13172;13173;13177;13180;13191;13380;13387;13393;13397;13411;13600;13607;13612;13617;13631;13820;13827;13832;13837;13840;13848;13851;13855;13861;13865;13888;13892;14051;14079;14084;14085;14089;14092;14107;14111
529,63,12287;12292;12293;12300;12308;12311;12503;12507;12512;12513;12517;12520;12528;12531;12708;12723;12733;12737;12740;12748;12751;12943;12947;12952;12953;12957;13160;13167;13172;13173;13177;13180;13191;13380;13387;13393;13397;13411;13600;13607;13612;13617;13631;13820;13827;13832;13837;13840;13848;13851;13855;13861;13865;13888;13892;14051;14079;14084;14085;14089;14092;14107;14111
530,63,12287;12292;12293;12300;12308;12311;12503;12507;12512;12513;12517;12520;12528;12531;12708;12723;12733;12737;12740;12748;12751;12943;12947;12952;12953;12957;13160;13167;13172;13173;13177;13180;13191;13380;13387;13393;13397;13411;13600;13607;13612;13617;13631;13820;13827;13832;13837;13840;13848;13851;13855;13861;13865;13888;13892;14051;14079;14084;14085;14089;14092;14107;14111
531,63,12287;12292;12293;12300;12308;12311;12503;12507;12512;12513;12517;12520;12528;12531;12708;12723;12733;12737;12740;12748;12751;12943;12947;12952;12953;12957;13160;13167;13172;13173;13177;13180;13191;13380;13387;13393;13397;13411;13600;13607;13612;13617;13631;13820;13827;13832;13837;13840;13848;13851;13855;13861;13865;13888;13892;14051;14079;14084;14085;14089;14092;14107;14111
532,63,12287;12292;12293;12300;12308;12311;12503;12507;12512;12513;12517;12520;12528;12531;12708;12723;12733;12737;12740;12748;12751;12943;12947;12952;12953;12957;13160;13167;13172;13173;13177;13180;13191;13380;13387;13393;13397;13411;13600;13607;13612;13617;13631;13820;13827;13832;13837;13840;13848;13851;13855;13861;13865;13888;13892;14051;14079;14084;14085;14089;14092;14107;14111
533,63,12287;12292;12293;12300;12308;12311;12503;12507;12512;12513;12517;12520;12528;12531;12708;12723;12733;12737;12740;12748;12751;12943;12947;12952;12953;12957;13160;13167;13172;13173;13177;13180;13191;13380;13387;13393;13397;13411;13600;13607;13612;13617;13631;13820;13827;13832;13837;13840;13848;13851;13855;13861;13865;13888;13892;14051;14079;14084;14085;14089;14092;14107;14111
534,63,12287;12292;12293;12300;12308;12311;12503;12507;12512;12513;12517;12520;12528;12531;12708;12723;12733;12737;12740;12748;12751;12943;12947;12952;12953;12957;13160;13167;13172;13173;13177;13180;13191;13380;13387;13393;13397;13411;13600;13607;13612;13617;13631;13820;13827;13832;13837;13840;13848;13851;13855;13861;13865;13888;13892;14051;14079;14084;14085;14089;14092;14107;14111
535,63,12287;12292;12293;12300;12308;12311;12503;12507;12512;12513;12517;12520;12528;12531;12708;12723;12733;12737;12740;12748;12751;12943;12947;12952;12953;12957;13160;13167;13172;13173;13177;13180;13191;13380;13387;13393;13397;13411;13600;13607;13612;13617;13631;13820;13827;13832;13837;13840;13848;13851;13855;13861;13865;13888;13892;14051;14079;14084;14085;14089;14092;14107;14111
536,63,12287;12292;12293;12300;12308;12311;12503;12507;12512;12513;12517;12520;12528;12531;12708;12723;12733;12737;12740;12748;12751;12943;12947;12952;12953;12957;13160;13167;13172;13173;13177;13180;13191;13380;13387;13393;13397;13411;13600;13607;13612;13617;13631;13820;13827;13832;13837;13840;13848;13851;13855;13861;13865;13888;13892;14051;14079;14084;14085;14089;14092;14107;14111
537,63,12287;12292;12293;12300;12308;12311;12503;12507;12512;12513;12517;12520;12528;12531;12708;12723;12733;12737;12740;12748;12751;12943;12947;12952;12953;12957;13160;13167;13172;13173;13177;13180;13191;13380;13387;13393;13397;13411;13600;13607;13612;13617;13631;13820;13827;13832;13837;13840;13848;13851;13855;13861;13865;13888;13892;14051;14079;14084;14085;14089;14092;14107;14111
538,76,12287;12292;12293;12300;12308;12311;12503;12507;12512;12513;12517;12520;12528;12531;12708;12723;12733;12737;12740;12748;12751;12943;12947;12952;12953;12957;13160;13167;13172;13173;13177;13180;13191;13380;13387;13393;13397;13411;13452;13600;13607;13612;13617;13631;13820;13827;13832;13837;13840;13848;13851;13855;13861;13865;13888;13892;14045;14051;14058;14070;14071;14073;14078;14079;14084;14085;14086;14089;14092;14100;14102;14103;14105;14107;14110;14111
539,101,12287;12292;12293;12300;12308;12311;12503;12507;12512;12513;12517;12520;12528;12531;12708;12723;12733;12737;12740;12748;12751;12941;12943;12946;12947;12952;12953;12957;12974;13160;13161;13165;13167;13172;13173;13174;13175;13177;13178;13180;13183;13184;13187;13191;13194;13357;13379;13380;13381;13387;13393;13394;13395;13397;13398;13403;13404;13407;13411;13414;13452;13599;13600;13601;13605;13607;13612;13614;13617;13631;13634;13820;13821;13825;13827;13832;13834;13835;13837;13838;13840;13844;13847;13848;13851;13853;13855;14058;14071;14077;14078;14086;14089;14090;14092;14095;14100;14103;14105;14107;14110
540,94,12281;12287;12292;12293;12294;12295;12298;12299;12300;12303;12308;12309;12311;12313;12314;12501;12503;12505;12506;12507;12512;12513;12514;12515;12517;12518;12519;12520;12523;12524;12527;12528;12530;12531;12708;12711;12721;12723;12725;12726;12733;12735;12737;12740;12743;12744;12747;12748;12751;12754;12939;12941;12943;12945;12946;12952;12953;12954;12955;12957;12958;12964;12974;13165;13174;13175;13178;13183;13184;13194;13394;13395;13398;13403;13404;13414;13452;13605;13614;13634;13825;13834;13835;13838;13844;13853;14058;14077;14078;14086;14090;14095;14100;14110
541,61,12294;12295;12298;12299;12303;12313;12314;12505;12506;12514;12515;12518;12519;12523;12524;12530;12711;12725;12726;12735;12743;12744;12754;12945;12946;12954;12955;12958;12964;12974;13165;13174;13175;13178;13183;13184;13194;13394;13395;13398;13403;13404;13414;13452;13605;13614;13634;13825;13834;13835;13838;13844;13853;14058;14077;14078;14086;14090;14095;14100;14110
542,61,12294;12295;12298;12299;12303;12313;12314;12505;12506;12514;12515;12518;12519;12523;12524;12530;12711;12725;12726;12735;12743;12744;12754;12945;12946;12954;12955;12958;12964;12974;13165;13174;13175;13178;13183;13184;13194;13394;13395;13398;13403;13404;13414;13452;13605;13614;13634;13825;13834;13835;13838;13844;13853;14058;14077;14078;14086;14090;14095;14100;14110
543,61,12294;12295;12298;12299;12303;12313;12314;12505;12506;12514;12515;12518;12519;12523;12524;12530;12711;12725;12726;12735;12743;12744;12754;12945;12946;12954;12955;12958;12964;12974;13165;13174;13175;13178;13183;13184;13194;13394;13395;13398;13403;13404;13414;13452;13605;13614;13634;13825;13834;13835;13838;13844;13853;14058;14077;14078;14086;14090;14095;14100;14110
544,61,12294;12295;12298;12299;12303;12313;12314;12505;12506;12514;12515;12518;12519;12523;12524;12530;12711;12725;12726;12735;12743;12744;12754;12945;12946;12954;12955;12958;12964;12974;13165;13174;13175;13178;13183;13184;13194;13394;13395;13398;13403;13404;13414;13452;13605;13614;13634;13825;13834;13835;13838;13844;13853;14058;14077;14078;14086;14090;14095;14100;14110
545,61,12294;12295;12298;12299;12303;12313;12314;12505;12506;12514;12515;12518;12519;12523;12524;12530;12711;12725;12726;12735;12743;12744;12754;12945;12946;12954;12955;12958;12964;12974;13165;13174;13175;13178;13183;13184;13194;13394;13395;13398;13403;13404;13414;13452;13605;13614;13634;13825;13834;13835;13838;13844;13853;14058;14077;14078;14086;14090;14095;14100;14110
546,61,12294;12295;12298;12299;12303;12313;12314;12505;12506;12514;12515;12518;12519;12523;12524;12530;12711;12725;12726;12735;12743;12744;12754;12945;12946;12954;12955;12958;12964;12974;13165;13174;13175;13178;13183;13184;13194;13394;13395;13398;13403;13404;13414;13452;13605;13614;13634;13825;13834;13835;13838;13844;13853;14058;14077;14078;14086;14090;14095;14100;14110
547,61,12294;12295;12298;12299;12303;12313;12314;12505;12506;12514;12515;12518;12519;12523;12524;12530;12711;12725;12726;12735;12743;12744;12754;12945;12946;12954;12955;12958;12964;12974;13165;13174;13175;13178;13183;13184;13194;13394;13395;13398;13403;13404;13414;13452;13605;13614;13634;13825;13834;13835;13838;13844;13853;14058;14077;14078;14086;14090;14095;14100;14110
548,61,12294;12295;12298;12299;12303;12313;12314;12505;12506;12514;12515;12518;12519;12523;12524;12530;12711;12725;12726;12735;12743;12744;12754;12945;12946;12954;12955;12958;12964;12974;13165;13174;13175;13178;13183;13184;13194;13394;13395;13398;13403;13404;13414;13452;13605;13614;13634;13825;13834;13835;13838;13844;13853;14058;14077;14078;14086;14090;14095;14100;14110
549,61,12294;12295;12298;12299;12303;12313;12314;12505;12506;12514;12515;12518;12519;12523;12524;12530;12711;12725;12726;12735;12743;12744;12754;12945;12946;12954;12955;12958;12964;12974;13165;13174;13175;13178;13183;13184;13194;13394;13395;13398;13403;13404;13414;13452;13605;13614;13634;13825;13834;13835;13838;13844;13853;14058;14077;14078;14086;14090;14095;14100;14110
550,61,12294;12295;12298;12299;12303;12313;12314;12505;12506;12514;12515;12518;12519;12523;12524;12530;12711;12725;12726;12735;12743;12744;12754;12945;12946;12954;12955;12958;12964;12974;13165;13174;13175;13178;13183;13184;13194;13394;13395;13398;13403;13404;13414;13452;13605;13614;13634;13825;13834;13835;13838;13844;13853;14058;14077;14078;14086;14090;14095;14100;14110
551,61,12294;12295;12298;12299;12303;12313;12314;12505;12506;12514;12515;12518;12519;12523;12524;12530;12711;12725;12726;12735;12743;12744;12754;12945;12946;12954;12955;12958;12964;12974;13165;13174;13175;13178;13183;13184;13194;13394;13395;13398;13403;13404;13414;13452;13605;13614;13634;13825;13834;13835;13838;13844;13853;14058;14077;14078;14086;14090;14095;14100;14110
552,61,12294;12295;12298;12299;12303;12313;12314;12505;12506;12514;12515;12518;12519;12523;12524;12530;12711;12725;12726;12735;12743;12744;12754;12945;12946;12954;12955;12958;12964;12974;13165;13174;13175;13178;13183;13184;13194;13394;13395;13398;13403;13404;13414;13452;13605;13614;13634;13825;13834;13835;13838;13844;13853;14058;14077;14078;14086;14090;14095;14100;14110
553,61,12294;12295;12298;12299;12303;12313;12314;12505;12506;12514;12515;12518;12519;12523;12524;12530;12711;12725;12726;12735;12743;12744;12754;12945;12946;12954;12955;12958;12964;12974;13165;13174;13175;13178;13183;13184;13194;13394;13395;13398;13403;13404;13414;13452;13605;13614;13634;13825;13834;13835;13838;13844;13853;14058;14077;14078;14086;14090;14095;14100;14110
554,61,12294;12295;12298;12299;12303;12313;12314;12505;12506;12514;12515;12518;12519;12523;12524;12530;12711;12725;12726;12735;12743;12744;12754;12945;12946;12954;12955;12958;12964;12974;13165;13174;13175;13178;13183;13184;13194;13394;13395;13398;13403;13404;13414;13452;13605;13614;13634;13825;13834;13835;13838;13844;13853;14058;14077;14078;14086;14090;14095;14100;14110
555,61,12294;12295;12298;12299;12303;12313;12314;12505;12506;12514;12515;12518;12519;12523;12524;12530;12711;12725;12726;12735;12743;12744;12754;12945;12946;12954;12955;12958;12964;12974;13165;13174;13175;13178;13183;13184;13194;13394;13395;13398;13403;13404;13414;13452;13605;13614;13634;13825;13834;13835;13838;13844;13853;14058;14077;14078;14086;14090;14095;14100;14110
556,61,12294;12295;12298;12299;12303;12313;12314;12505;12506;12514;12515;12518;12519;12523;12524;12530;12711;12725;12726;12735;12743;12744;12754;12945;12946;12954;12955;12958;12964;12974;13165;13174;13175;13178;13183;13184;13194;13394;13395;13398;13403;13404;13414;13452;13605;13614;13634;13825;13834;13835;13838;13844;13853;14058;14077;14078;14086;14090;14095;14100;14110
557,61,12294;12295;12298;12299;12303;12313;12314;12505;12506;12514;12515;12518;12519;12523;12524;12530;12711;12725;12726;12735;12743;12744;12754;12945;12946;12954;12955;12958;12964;12974;13165;13174;13175;13178;13183;13184;13194;13394;13395;13398;13403;13404;13414;13452;13605;13614;13634;13825;13834;13835;13838;13844;13853;14058;14077;14078;14086;14090;14095;14100;14110
558,61,12294;12295;12298;12299;12303;12313;12314;12505;12506;12514;12515;12518;12519;12523;12524;12530;12711;12725;12726;12735;12743;12744;12754;12945;12946;12954;12955;12958;12964;12974;13165;13174;13175;13178;13183;13184;13194;13394;13395;13398;13403;13404;13414;13452;13605;13614;13634;13825;13834;13835;13838;13844;13853;14058;14077;14078;14086;14090;14095;14100;14110
559,61,12294;12295;12298;12299;12303;12313;12314;12505;12506;12514;12515;12518;12519;12523;12524;12530;12711;12725;12726;12735;12743;12744;12754;12945;12946;12954;12955;12958;12964;12974;13165;13174;13175;13178;13183;13184;13194;13394;13395;13398;13403;13404;13414;13452;13605;13614;13634;13825;13834;13835;13838;13844;13853;14058;14077;14078;14086;14090;14095;14100;14110
560,61,12294;12295;12298;12299;12303;12313;12314;12505;12506;12514;12515;12518;12519;12523;12524;12530;12711;12725;12726;12735;12743;12744;12754;12945;12946;12954;12955;12958;12964;12974;13165;13174;13175;13178;13183;13184;13194;13394;13395;13398;13403;13404;13414;13452;13605;13614;13634;13825;13834;13835;13838;13844;13853;14058;14077;14078;14086;14090;14095;14100;14110
561,61,12294;12295;12298;12299;12303;12313;12314;12505;12506;12514;12515;12518;12519;12523;12524;12530;12711;12725;12726;12735;12743;12744;12754;12945;12946;12954;12955;12958;12964;12974;13165;13174;13175;13178;13183;13184;13194;13394;13395;13398;13403;13404;13414;13452;13605;13614;13634;13825;13834;13835;13838;13844;13853;14058;14077;14078;14086;14090;14095;14100;14110
562,61,12294;12295;12298;12299;12303;12313;12314;12505;12506;12514;12515;12518;12519;12523;12524;12530;12711;12725;12726;12735;12743;12744;12754;12945;12946;12954;12955;12958;12964;12974;13165;13174;13175;13178;13183;13184;13194;13394;13395;13398;13403;13404;13414;13452;13605;13614;13634;13825;13834;13835;13838;13844;13853;14058;14077;14078;14086;14090;14095;14100;14110
563,61,12294;12295;12298;12299;12303;12313;12314;12505;12506;12514;12515;12518;12519;12523;12524;12530;12711;12725;12726;12735;12743;12744;12754;12945;12946;12954;12955;12958;12964;12974;13165;13174;13175;13178;13183;13184;13194;13394;13395;13398;13403;13404;13414;13452;13605;13614;13634;13825;13834;13835;13838;13844;13853;14058;14077;14078;14086;14090;14095;14100;14110
564,61,12294;12295;12298;12299;12303;12313;12314;12505;12506;12514;12515;12518;12519;12523;12524;12530;12711;12725;12726;12735;12743;12744;12754;12945;12946;12954;12955;12958;12964;12974;13165;13174;13175;13178;13183;13184;13194;13394;13395;13398;13403;13404;13414;13452;13605;13614;13634;13825;13834;13835;13838;13844;13853;14058;14077;14078;14086;14090;14095;14100;14110
565,61,12294;12295;12298;12299;12303;12313;12314;12505;12506;12514;12515;12518;12519;12523;12524;12530;12711;12725;12726;12735;12743;12744;12754;12945;12946;12954;12955;12958;12964;12974;13165;13174;13175;13178;13183;13184;13194;13394;13395;13398;13403;13404;13414;13452;13605;13614;13634;13825;13834;13835;13838;13844;13853;14058;14077;14078;14086;14090;14095;14100;14110
566,61,12294;12295;12298;12299;12303;12313;12314;12505;12506;12514;12515;12518;12519;12523;12524;12530;12711;12725;12726;12735;12743;12744;12754;12945;12946;12954;12955;12958;12964;12974;13165;13174;13175;13178;13183;13184;13194;13394;13395;13398;13403;13404;13414;13452;13605;13614;13634;13825;13834;13835;13838;13844;13853;14058;14077;14078;14086;14090;14095;14100;14110
567,61,12294;12295;12298;12299;12303;12313;12314;12505;12506;12514;12515;12518;12519;12523;12524;12530;12711;12725;12726;12735;12743;12744;12754;12945;12946;12954;12955;12958;12964;12974;13165;13174;13175;13178;13183;13184;13194;13394;13395;13398;13403;13404;13414;13452;13605;13614;13634;13825;13834;13835;13838;13844;13853;14058;14077;14078;14086;14090;14095;14100;14110
568,61,12294;12295;12298;12299;12303;12313;12314;12505;12506;12514;12515;12518;12519;12523;12524;12530;12711;12725;12726;12735;12743;12744;12754;12945;12946;12954;12955;12958;12964;12974;13165;13174;13175;13178;13183;13184;13194;13394;13395;13398;13403;13404;13414;13452;13605;13614;13634;13825;13834;13835;13838;13844;13853;14058;14077;14078;14086;14090;14095;14100;14110
569,61,12294;12295;12298;12299;12303;12313;12314;12505;12506;12514;12515;12518;12519;12523;12524;12530;12711;12725;12726;12735;12743;12744;12754;12945;12946;12954;12955;12958;12964;12974;13165;13174;13175;13178;13183;13184;13194;13394;13395;13398;13403;13404;13414;13452;13605;13614;13634;13825;13834;13835;13838;13844;13853;14058;14077;14078;14086;14090;14095;14100;14110
570,61,12294;12295;12298;12299;12303;12313;12314;12505;12506;12514;12515;12518;12519;12523;12524;12530;12711;12725;12726;12735;12743;12744;12754;12945;12946;12954;12955;12958;12964;12974;13165;13174;13175;13178;13183;13184;13194;13394;13395;13398;13403;13404;13414;13452;13605;13614;13634;13825;13834;13835;13838;13844;13853;14058;14077;14078;14086;14090;14095;14100;14110
571,61,12294;12295;12298;12299;12303;12313;12314;12505;12506;12514;12515;12518;12519;12523;12524;12530;12711;12725;12726;12735;12743;12744;12754;12945;12946;12954;12955;12958;12964;12974;13165;13174;13175;13178;13183;13184;13194;13394;13395;13398;13403;13404;13414;13452;13605;13614;13634;13825;13834;13835;13838;13844;13853;14058;14077;14078;14086;14090;14095;14100;14110
572,61,12294;12295;12298;12299;12303;12313;12314;12505;12506;12514;12515;12518;12519;12523;12524;12530;12711;12725;12726;12735;12743;12744;12754;12945;12946;12954;12955;12958;12964;12974;13165;13174;13175;13178;13183;13184;13194;13394;13395;13398;13403;13404;13414;13452;13605;13614;13634;13825;13834;13835;13838;13844;13853;14058;14077;14078;14086;14090;14095;14100;14110
573,61,12294;12295;12298;12299;12303;12313;12314;12505;12506;12514;12515;12518;12519;12523;12524;12530;12711;12725;12726;12735;12743;12744;12754;12945;12946;12954;12955;12958;12964;12974;13165;13174;13175;13178;13183;13184;13194;13394;13395;13398;13403;13404;13414;13452;13605;13614;13634;13825;13834;13835;13838;13844;13853;14058;14077;14078;14086;14090;14095;14100;14110
574,61,12294;12295;12298;12299;12303;12313;12314;12505;12506;12514;12515;12518;12519;12523;12524;12530;12711;12725;12726;12735;12743;12744;12754;12945;12946;12954;12955;12958;12964;12974;13165;13174;13175;13178;13183;13184;13194;13394;13395;13398;13403;13404;13414;13452;13605;13614;13634;13825;13834;13835;13838;13844;13853;14058;14077;14078;14086;14090;14095;14100;14110
575,61,12294;12295;12298;12299;12303;12313;12314;12505;12506;12514;12515;12518;12519;12523;12524;12530;12711;12725;12726;12735;12743;12744;12754;12945;12946;12954;12955;12958;12964;12974;13165;13174;13175;13178;13183;13184;13194;13394;13395;13398;13403;13404;13414;13452;13605;13614;13634;13825;13834;13835;13838;13844;13853;14058;14077;14078;14086;14090;14095;14100;14110
576,61,12294;12295;12298;12299;12303;12313;12314;12505;12506;12514;12515;12518;12519;12523;12524;12530;12711;12725;12726;12735;12743;12744;12754;12945;12946;12954;12955;12958;12964;12974;13165;13174;13175;13178;13183;13184;13194;13394;13395;13398;13403;13404;13414;13452;13605;13614;13634;13825;13834;13835;13838;13844;13853;14058;14077;14078;14086;14090;14095;14100;14110
577,61,12294;12295;12298;12299;12303;12313;12314;12505;12506;12514;12515;12518;12519;12523;12524;12530;12711;12725;12726;12735;12743;12744;12754;12945;12946;12954;12955;12958;12964;12974;13165;13174;13175;13178;13183;13184;13194;13394;13395;13398;13403;13404;13414;13452;13605;13614;13634;13825;13834;13835;13838;13844;13853;14058;14077;14078;14086;14090;14095;14100;14110
578,93,12294;12295;12298;12299;12303;12313;12314;12505;12506;12514;12515;12518;12519;12523;12524;12530;12711;12725;12726;12735;12743;12744;12754;12945;12946;12954;12955;12958;12964;12974;13165;13174;13175;13178;13183;13184;13194;13394;13395;13398;13403;13404;13414;13452;13605;13614;13634;13825;13834;13835;13838;13844;13853;14058;14077;14078;14086;14090;14095;14100;14110;15383;15601;15603;15616;15623;15629;15633;15647;15821;15823;15847;15848;15853;15856;15857;15867;15871;16043;16067;16069;16071;16088;16095;16097;16098;16099;16100;16101;16105;16108;16120;16127
579,108,12294;12295;12298;12299;12303;12313;12314;12505;12506;12514;12515;12518;12519;12523;12524;12530;12711;12725;12726;12735;12743;12744;12754;12945;12946;12954;12955;12958;12964;12974;13165;13174;13175;13178;13183;13184;13194;13394;13395;13398;13403;13404;13414;14503;14519;14523;14527;14529;14533;14721;14724;14725;14739;14743;14747;14748;14749;14753;14764;14767;14941;14959;14963;14967;14968;14969;14973;14976;14987;15161;15179;15187;15188;15189;15207;15381;15383;15403;15408;15409;15413;15416;15417;15427;15601;15616;15623;15628;15629;15633;15636;15637;15647;15848;15853;15856;15857;15867;15871;16067;16088;16095;16100;16101;16105;16108;16120;16127
580,82,12294;12295;12298;12299;12303;12313;12314;12515;12518;12523;12524;12530;14284;14296;14299;14303;14305;14307;14308;14309;14313;14324;14327;14331;14519;14523;14525;14527;14528;14529;14533;14544;14724;14725;14739;14743;14748;14749;14753;14764;14767;14959;14963;14968;14969;14973;14976;14987;15179;15188;15189;15207;15403;15408;15409;15413;15416;15417;15427;15616;15623;15628;15629;15633;15636;15637;15647;15848;15853;15856;15857;15867;15871;16067;16088;16095;16100;16101;16105;16108;16120;16127
581,66,14284;14296;14299;14303;14308;14309;14313;14324;14327;14331;14519;14523;14528;14529;14533;14544;14724;14725;14739;14743;14748;14749;14753;14764;14767;14959;14963;14968;14969;14973;14976;14987;15179;15188;15189;15207;15403;15408;15409;15413;15416;15417;15427;15616;15623;15628;15629;15633;15636;15637;15647;15848;15853;15856;15857;15867;15871;16067;16088;16095;16100;16101;16105;16108;16120;16127
582,66,14284;14296;14299;14303;14308;14309;14313;14324;14327;14331;14519;14523;14528;14529;14533;14544;14724;14725;14739;14743;14748;14749;14753;14764;14767;14959;14963;14968;14969;14973;14976;14987;15179;15188;15189;15207;15403;15408;15409;15413;15416;15417;15427;15616;15623;15628;15629;15633;15636;15637;15647;15848;15853;15856;15857;15867;15871;16067;16088;16095;16100;16101;16105;16108;16120;16127
583,66,14284;14296;14299;14303;14308;14309;14313;14324;14327;14331;14519;14523;14528;14529;14533;14544;14724;14725;14739;14743;14748;14749;14753;14764;14767;14959;14963;14968;14969;14973;14976;14987;15179;15188;15189;15207;15403;15408;15409;15413;15416;15417;15427;15616;15623;15628;15629;15633;15636;15637;15647;15848;15853;15856;15857;15867;15871;16067;16088;16095;16100;16101;16105;16108;16120;16127
584,66,14284;14296;14299;14303;14308;14309;14313;14324;14327;14331;14519;14523;14528;14529;14533;14544;14724;14725;14739;14743;14748;14749;14753;14764;14767;14959;14963;14968;14969;14973;14976;14987;15179;15188;15189;15207;15403;15408;15409;15413;15416;15417;15427;15616;15623;15628;15629;15633;15636;15637;15647;15848;15853;15856;15857;15867;15871;16067;16088;16095;16100;16101;16105;16108;16120;16127
585,66,14284;14296;14299;14303;14308;14309;14313;14324;14327;14331;14519;14523;14528;14529;14533;14544;14724;14725;14739;14743;14748;14749;14753;14764;14767;14959;14963;14968;14969;14973;14976;14987;15179;15188;15189;15207;15403;15408;15409;15413;15416;15417;15427;15616;15623;15628;15629;15633;15636;15637;15647;15848;15853;15856;15857;15867;15871;16067;16088;16095;16100;16101;16105;16108;16120;16127
586,66,14284;14296;14299;14303;14308;14309;14313;14324;14327;14331;14519;14523;14528;14529;14533;14544;14724;14725;14739;14743;14748;14749;14753;14764;14767;14959;14963;14968;14969;14973;14976;14987;15179;15188;15189;15207;15403;15408;15409;15413;15416;15417;15427;15616;15623;15628;15629;15633;15636;15637;15647;15848;15853;15856;15857;15867;15871;16067;16088;16095;16100;16101;16105;16108;16120;16127
587,66,14284;14296;14299;14303;14308;14309;14313;14324;14327;14331;14519;14523;14528;14529;14533;14544;14724;14725;14739;14743;14748;14749;14753;14764;14767;14959;14963;14968;14969;14973;14976;14987;15179;15188;15189;15207;15403;15408;15409;15413;15416;15417;15427;15616;15623;15628;15629;15633;15636;15637;15647;15848;15853;15856;15857;15867;15871;16067;16088;16095;16100;16101;16105;16108;16120;16127
588,66,14284;14296;14299;14303;14308;14309;14313;14324;14327;14331;14519;14523;14528;14529;14533;14544;14724;14725;14739;14743;14748;14749;14753;14764;14767;14959;14963;14968;14969;14973;14976;14987;15179;15188;15189;15207;15403;15408;15409;15413;15416;15417;15427;15616;15623;15628;15629;15633;15636;15637;15647;15848;15853;15856;15857;15867;15871;16067;16088;16095;16100;16101;16105;16108;16120;16127
589,66,14284;14296;14299;14303;14308;14309;14313;14324;14327;14331;14519;14523;14528;14529;14533;14544;14724;14725;14739;14743;14748;14749;14753;14764;14767;14959;14963;14968;14969;14973;14976;14987;15179;15188;15189;15207;15403;15408;15409;15413;15416;15417;15427;15616;15623;15628;15629;15633;15636;15637;15647;15848;15853;15856;15857;15867;15871;16067;16088;16095;16100;16101;16105;16108;16120;16127
590,66,14284;14296;14299;14303;14308;14309;14313;14324;14327;14331;14519;14523;14528;14529;14533;14544;14724;14725;14739;14743;14748;14749;14753;14764;14767;14959;14963;14968;14969;14973;14976;14987;15179;15188;15189;15207;15403;15408;15409;15413;15416;15417;15427;15616;15623;15628;15629;15633;15636;15637;15647;15848;15853;15856;15857;15867;15871;16067;16088;16095;16100;16101;16105;16108;16120;16127
591,66,14284;14296;14299;14303;14308;14309;14313;14324;14327;14331;14519;14523;14528;14529;14533;14544;14724;14725;14739;14743;14748;14749;14753;14764;14767;14959;14963;14968;14969;14973;14976;14987;15179;15188;15189;15207;15403;15408;15409;15413;15416;15417;15427;15616;15623;15628;15629;15633;15636;15637;15647;15848;15853;15856;15857;15867;15871;16067;16088;16095;16100;16101;16105;16108;16120;16127
592,66,14284;14296;14299;14303;14308;14309;14313;14324;14327;14331;14519;14523;14528;14529;14533;14544;14724;14725;14739;14743;14748;14749;14753;14764;14767;14959;14963;14968;14969;14973;14976;14987;15179;15188;15189;15207;15403;15408;15409;15413;15416;15417;15427;15616;15623;15628;15629;15633;15636;15637;15647;15848;15853;15856;15857;15867;15871;16067;16088;16095;16100;16101;16105;16108;16120;16127
593,66,14284;14296;14299;14303;14308;14309;14313;14324;14327;14331;14519;14523;14528;14529;14533;14544;14724;14725;14739;14743;14748;14749;14753;14764;14767;14959;14963;14968;14969;14973;14976;14987;15179;15188;15189;15207;15403;15408;15409;15413;15416;15417;15427;15616;15623;15628;15629;15633;15636;15637;15647;15848;15853;15856;15857;15867;15871;16067;16088;16095;16100;16101;16105;16108;16120;16127
594,66,14284;14296;14299;14303;14308;14309;14313;14324;14327;14331;14519;14523;14528;14529;14533;14544;14724;14725;14739;14743;14748;14749;14753;14764;14767;14959;14963;14968;14969;14973;14976;14987;15179;15188;15189;15207;15403;15408;15409;15413;15416;15417;15427;15616;15623;15628;15629;15633;15636;15637;15647;15848;15853;15856;15857;15867;15871;16067;16088;16095;16100;16101;16105;16108;16120;16127
595,66,14284;14296;14299;14303;14308;14309;14313;14324;14327;14331;14519;14523;14528;14529;14533;14544;14724;14725;14739;14743;14748;14749;14753;14764;14767;14959;14963;14968;14969;14973;14976;14987;15179;15188;15189;15207;15403;15408;15409;15413;15416;15417;15427;15616;15623;15628;15629;15633;15636;15637;15647;15848;15853;15856;15857;15867;15871;16067;16088;16095;16100;16101;16105;16108;16120;16127
596,66,14284;14296;14299;14303;14308;14309;14313;14324;14327;14331;14519;14523;14528;14529;14533;14544;14724;14725;14739;14743;14748;14749;14753;14764;14767;14959;14963;14968;14969;14973;14976;14987;15179;15188;15189;15207;15403;15408;15409;15413;15416;15417;15427;15616;15623;15628;15629;15633;15636;15637;15647;15848;15853;15856;15857;15867;15871;16067;16088;16095;16100;16101;16105;16108;16120;16127
597,66,14284;14296;14299;14303;14308;14309;14313;14324;14327;14331;14519;14523;14528;14529;14533;14544;14724;14725;14739;14743;14748;14749;14753;14764;14767;14959;14963;14968;14969;14973;14976;14987;15179;15188;15189;15207;15403;15408;15409;15413;15416;15417;15427;15616;15623;15628;15629;15633;15636;15637;15647;15848;15853;15856;15857;15867;15871;16067;16088;16095;16100;16101;16105;16108;16120;16127
598,66,14284;14296;14299;14303;14308;14309;14313;14324;14327;14331;14519;14523;14528;14529;14533;14544;14724;14725;14739;14743;14748;14749;14753;14764;14767;14959;14963;14968;14969;14973;14976;14987;15179;15188;15189;15207;15403;15408;15409;15413;15416;15417;15427;15616;15623;15628;15629;15633;15636;15637;15647;15848;15853;15856;15857;15867;15871;16067;16088;16095;16100;16101;16105;16108;16120;16127
599,66,14284;14296;14299;14303;14308;14309;14313;14324;14327;14331;14519;14523;14528;14529;14533;14544;14724;14725;14739;14743;14748;14749;14753;14764;14767;14959;14963;14968;14969;14973;14976;14987;15179;15188;15189;15207;15403;15408;15409;15413;15416;15417;15427;15616;15623;15628;15629;15633;15636;15637;15647;15848;15853;15856;15857;15867;15871;16067;16088;16095;16100;16101;16105;16108;16120;16127
600,66,14284;14296;14299;14303;14308;14309;14313;14324;14327;14331;14519;14523;14528;14529;14533;14544;14724;14725;14739;14743;14748;14749;14753;14764;14767;14959;14963;14968;14969;14973;14976;14987;15179;15188;15189;15207;15403;15408;15409;15413;15416;15417;15427;15616;15623;15628;15629;15633;15636;15637;15647;15848;15853;15856;15857;15867;15871;16067;16088;16095;16100;16101;16105;16108;16120;16127
601,66,14284;14296;14299;14303;14308;14309;14313;14324;14327;14331;14519;14523;14528;14529;14533;14544;14724;14725;14739;14743;14748;14749;14753;14764;14767;14959;14963;14968;14969;14973;14976;14987;15179;15188;15189;15207;15403;15408;15409;15413;15416;15417;15427;15616;15623;15628;15629;15633;15636;15637;15647;15848;15853;15856;15857;15867;15871;16067;16088;16095;16100;16101;16105;16108;16120;16127
602,66,14284;14296;14299;14303;14308;14309;14313;14324;14327;14331;14519;14523;14528;14529;14533;14544;14724;14725;14739;14743;14748;14749;14753;14764;14767;14959;14963;14968;14969;14973;14976;14987;15179;15188;15189;15207;15403;15408;15409;15413;15416;15417;15427;15616;15623;15628;15629;15633;15636;15637;15647;15848;15853;15856;15857;15867;15871;16067;16088;16095;16100;16101;16105;16108;16120;16127
603,66,14284;14296;14299;14303;14308;14309;14313;14324;14327;14331;14519;14523;14528;14529;14533;14544;14724;14725;14739;14743;14748;14749;14753;14764;14767;14959;14963;14968;14969;14973;14976;14987;15179;15188;15189;15207;15403;15408;15409;15413;15416;15417;15427;15616;15623;15628;15629;15633;15636;15637;15647;15848;15853;15856;15857;15867;15871;16067;16088;16095;16100;16101;16105;16108;16120;16127
604,66,14284;14296;14299;14303;14308;14309;14313;14324;14327;14331;14519;14523;14528;14529;14533;14544;14724;14725;14739;14743;14748;14749;14753;14764;14767;14959;14963;14968;14969;14973;14976;14987;15179;15188;15189;15207;15403;15408;15409;15413;15416;15417;15427;15616;15623;15628;15629;15633;15636;15637;15647;15848;15853;15856;15857;15867;15871;16067;16088;16095;16100;16101;16105;16108;16120;16127
605,66,14284;14296;14299;14303;14308;14309;14313;14324;14327;14331;14519;14523;14528;14529;14533;14544;14724;14725;14739;14743;14748;14749;14753;14764;14767;14959;14963;14968;14969;14973;14976;14987;15179;15188;15189;15207;15403;15408;15409;15413;15416;15417;15427;15616;15623;15628;15629;15633;15636;15637;15647;15848;15853;15856;15857;15867;15871;16067;16088;16095;16100;16101;16105;16108;16120;16127
606,66,14284;14296;14299;14303;14308;14309;14313;14324;14327;14331;14519;14523;14528;14529;14533;14544;14724;14725;14739;14743;14748;14749;14753;14764;14767;14959;14963;14968;14969;14973;14976;14987;15179;15188;15189;15207;15403;15408;15409;15413;15416;15417;15427;15616;15623;15628;15629;15633;15636;15637;15647;15848;15853;15856;15857;15867;15871;16067;16088;16095;16100;16101;16105;16108;16120;16127
607,66,14284;14296;14299;14303;14308;14309;14313;14324;14327;14331;14519;14523;14528;14529;14533;14544;14724;14725;14739;14743;14748;14749;14753;14764;14767;14959;14963;14968;14969;14973;14976;14987;15179;15188;15189;15207;15403;15408;15409;15413;15416;15417;15427;15616;15623;15628;15629;15633;15636;15637;15647;15848;15853;15856;15857;15867;15871;16067;16088;16095;16100;16101;16105;16108;16120;16127
608,66,14284;14296;14299;14303;14308;14309;14313;14324;14327;14331;14519;14523;14528;14529;14533;14544;14724;14725;14739;14743;14748;14749;14753;14764;14767;14959;14963;14968;14969;14973;14976;14987;15179;15188;15189;15207;15403;15408;15409;15413;15416;15417;15427;15616;15623;15628;15629;15633;15636;15637;15647;15848;15853;15856;15857;15867;15871;16067;16088;16095;16100;16101;16105;16108;16120;16127
609,66,14284;14296;14299;14303;14308;14309;14313;14324;14327;14331;14519;14523;14528;14529;14533;14544;14724;14725;14739;14743;14748;14749;14753;14764;14767;14959;14963;14968;14969;14973;14976;14987;15179;15188;15189;15207;15403;15408;15409;15413;15416;15417;15427;15616;15623;15628;15629;15633;15636;15637;15647;15848;15853;15856;15857;15867;15871;16067;16088;16095;16100;16101;16105;16108;16120;16127
610,66,14284;14296;14299;14303;14308;14309;14313;14324;14327;14331;14519;14523;14528;14529;14533;14544;14724;14725;14739;14743;14748;14749;14753;14764;14767;14959;14963;14968;14969;14973;14976;14987;15179;15188;15189;15207;15403;15408;15409;15413;15416;15417;15427;15616;15623;15628;15629;15633;15636;15637;15647;15848;15853;15856;15857;15867;15871;16067;16088;16095;16100;16101;16105;16108;16120;16127
611,66,14284;14296;14299;14303;14308;14309;14313;14324;14327;14331;14519;14523;14528;14529;14533;14544;14724;14725;14739;14743;14748;14749;14753;14764;14767;14959;14963;14968;14969;14973;14976;14987;15179;15188;15189;15207;15403;15408;15409;15413;15416;15417;15427;15616;15623;15628;15629;15633;15636;15637;15647;15848;15853;15856;15857;15867;15871;16067;16088;16095;16100;16101;16105;16108;16120;16127
612,66,14284;14296;14299;14303;14308;14309;14313;14324;14327;14331;14519;14523;14528;14529;14533;14544;14724;14725;14739;14743;14748;14749;14753;14764;14767;14959;14963;14968;14969;14973;14976;14987;15179;15188;15189;15207;15403;15408;15409;15413;15416;15417;15427;15616;15623;15628;15629;15633;15636;15637;15647;15848;15853;15856;15857;15867;15871;16067;16088;16095;16100;16101;16105;16108;16120;16127
613,66,14284;14296;14299;14303;14308;14309;14313;14324;14327;14331;14519;14523;14528;14529;14533;14544;14724;14725;14739;14743;14748;14749;14753;14764;14767;14959;14963;14968;14969;14973;14976;14987;15179;15188;15189;15207;15403;15408;15409;15413;15416;15417;15427;15616;15623;15628;15629;15633;15636;15637;15647;15848;15853;15856;15857;15867;15871;16067;16088;16095;16100;16101;16105;16108;16120;16127
614,66,14284;14296;14299;14303;14308;14309;14313;14324;14327;14331;14519;14523;14528;14529;14533;14544;14724;14725;14739;14743;14748;14749;14753;14764;14767;14959;14963;14968;14969;14973;14976;14987;15179;15188;15189;15207;15403;15408;15409;15413;15416;15417;15427;15616;15623;15628;15629;15633;15636;15637;15647;15848;15853;15856;15857;15867;15871;16067;16088;16095;16100;16101;16105;16108;16120;16127
615,66,14284;14296;14299;14303;14308;14309;14313;14324;14327;14331;14519;14523;14528;14529;14533;14544;14724;14725;14739;14743;14748;14749;14753;14764;14767;14959;14963;14968;14969;14973;14976;14987;15179;15188;15189;15207;15403;15408;15409;15413;15416;15417;15427;15616;15623;15628;15629;15633;15636;15637;15647;15848;15853;15856;15857;15867;15871;16067;16088;16095;16100;16101;16105;16108;16120;16127
616,66,14284;14296;14299;14303;14308;14309;14313;14324;14327;14331;14519;14523;14528;14529;14533;14544;14724;14725;14739;14743;14748;14749;14753;14764;14767;14959;14963;14968;14969;14973;14976;14987;15179;15188;15189;15207;15403;15408;15409;15413;15416;15417;15427;15616;15623;15628;15629;15633;15636;15637;15647;15848;15853;15856;15857;15867;15871;16067;16088;16095;16100;16101;16105;16108;16120;16127
617,77,14284;14296;14299;14303;14308;14309;14313;14324;14327;14331;14519;14523;14528;14529;14533;14544;14724;14725;14739;14743;14748;14749;14753;14764;14767;14959;14963;14968;14969;14973;14976;14987;15179;15188;15189;15207;15403;15408;15409;15413;15416;15417;15427;15439;15616;15623;15628;15629;15633;15636;15637;15647;15848;15853;15856;15857;15867;15871;16066;16067;16074;16087;16088;16089;16094;16095;16100;16101;16102;16105;16108;16118;16119;16120;16121;16126;16127
618,109,14284;14296;14299;14303;14308;14309;14313;14324;14327;14331;14519;14523;14528;14529;14533;14544;14724;14725;14739;14743;14748;14749;14753;14764;14767;14779;14957;14959;14962;14963;14968;14969;14973;14976;14987;14990;14999;15177;15179;15181;15188;15189;15191;15199;15200;15203;15207;15210;15397;15403;15408;15409;15410;15411;15413;15416;15417;15419;15423;15427;15430;15439;15616;15617;15621;15623;15628;15629;15630;15631;15633;15634;15635;15636;15637;15639;15640;15643;15646;15647;15650;15831;15837;15848;15850;15851;15853;15856;15857;15859;15863;15867;15869;15870;15871;16066;16074;16087;16094;16102;16105;16106;16108;16111;16119;16120;16121;16125;16126
619,105,14119;14284;14287;14296;14299;14301;14302;14303;14308;14309;14310;14311;14313;14314;14319;14324;14325;14327;14329;14330;14331;14517;14519;14521;14522;14523;14528;14529;14530;14531;14533;14534;14539;14543;14544;14545;14546;14724;14725;14726;14727;14737;14739;14741;14743;14748;14749;14751;14753;14754;14759;14763;14764;14766;14767;14770;14779;14957;14959;14962;14968;14969;14970;14971;14973;14974;14976;14980;14983;14987;14990;14999;15181;15191;15199;15200;15210;15410;15411;15419;15430;15439;15621;15630;15631;15634;15635;15639;15640;15646;15650;15831;15850;15851;15859;15869;15870;16066;16074;16094;16102;16106;16111;16125;16126
620,66,14119;14287;14301;14302;14310;14311;14314;14319;14329;14330;14521;14522;14530;14531;14534;14539;14546;14726;14727;14741;14751;14754;14759;14766;14770;14779;14962;14970;14971;14974;14980;14990;14999;15181;15191;15199;15200;15210;15410;15411;15419;15430;15439;15621;15630;15631;15634;15635;15639;15640;15646;15650;15831;15850;15851;15859;15869;15870;16066;16074;16094;16102;16106;16111;16125;16126
621,66,14119;14287;14301;14302;14310;14311;14314;14319;14329;14330;14521;14522;14530;14531;14534;14539;14546;14726;14727;14741;14751;14754;14759;14766;14770;14779;14962;14970;14971;14974;14980;14990;14999;15181;15191;15199;15200;15210;15410;15411;15419;15430;15439;15621;15630;15631;15634;15635;15639;15640;15646;15650;15831;15850;15851;15859;15869;15870;16066;16074;16094;16102;16106;16111;16125;16126
622,66,14119;14287;14301;14302;14310;14311;14314;14319;14329;14330;14521;14522;14530;14531;14534;14539;14546;14726;14727;14741;14751;14754;14759;14766;14770;14779;14962;14970;14971;14974;14980;14990;14999;15181;15191;15199;15200;15210;15410;15411;15419;15430;15439;15621;15630;15631;15634;15635;15639;15640;15646;15650;15831;15850;15851;15859;15869;15870;16066;16074;16094;16102;16106;16111;16125;16126
623,66,14119;14287;14301;14302;14310;14311;14314;14319;14329;14330;14521;14522;14530;14531;14534;14539;14546;14726;14727;14741;14751;14754;14759;14766;14770;14779;14962;14970;14971;14974;14980;14990;14999;15181;15191;15199;15200;15210;15410;15411;15419;15430;15439;15621;15630;15631;15634;15635;15639;15640;15646;15650;15831;15850;15851;15859;15869;15870;16066;16074;16094;16102;16106;16111;16125;16126
624,66,14119;14287;14301;14302;14310;14311;14314;14319;14329;14330;14521;14522;14530;14531;14534;14539;14546;14726;14727;14741;14751;14754;14759;14766;14770;14779;14962;14970;14971;14974;14980;14990;14999;15181;15191;15199;15200;15210;15410;15411;15419;15430;15439;15621;15630;15631;15634;15635;15639;15640;15646;15650;15831;15850;15851;15859;15869;15870;16066;16074;16094;16102;16106;16111;16125;16126
625,66,14119;14287;14301;14302;14310;14311;14314;14319;14329;14330;14521;14522;14530;14531;14534;14539;14546;14726;14727;14741;14751;14754;14759;14766;14770;14779;14962;14970;14971;14974;14980;14990;14999;15181;15191;15199;15200;15210;15410;15411;15419;15430;15439;15621;15630;15631;15634;15635;15639;15640;15646;15650;15831;15850;15851;15859;15869;15870;16066;16074;16094;16102;16106;16111;16125;16126
626,66,14119;14287;14301;14302;14310;14311;14314;14319;14329;14330;14521;14522;14530;14531;14534;14539;14546;14726;14727;14741;14751;14754;14759;14766;14770;14779;14962;14970;14971;14974;14980;14990;14999;15181;15191;15199;15200;15210;15410;15411;15419;15430;15439;15621;15630;15631;15634;15635;15639;15640;15646;15650;15831;15850;15851;15859;15869;15870;16066;16074;16094;16102;16106;16111;16125;16126
627,66,14119;14287;14301;14302;14310;14311;14314;14319;14329;14330;14521;14522;14530;14531;14534;14539;14546;14726;14727;14741;14751;14754;14759;14766;14770;14779;14962;14970;14971;14974;14980;14990;14999;15181;15191;15199;15200;15210;15410;15411;15419;15430;15439;15621;15630;15631;15634;15635;15639;15640;15646;15650;15831;15850;15851;15859;15869;15870;16066;16074;16094;16102;16106;16111;16125;16126
628,66,14119;14287;14301;14302;14310;14311;14314;14319;14329;14330;14521;14522;14530;14531;14534;14539;14546;14726;14727;14741;14751;14754;14759;14766;14770;14779;14962;14970;14971;14974;14980;14990;14999;15181;15191;15199;15200;15210;15410;15411;15419;15430;15439;15621;15630;15631;15634;15635;15639;15640;15646;15650;15831;15850;15851;15859;15869;15870;16066;16074;16094;16102;16106;16111;16125;16126
629,66,14119;14287;14301;14302;14310;14311;14314;14319;14329;14330;14521;14522;14530;14531;14534;14539;14546;14726;14727;14741;14751;14754;14759;14766;14770;14779;14962;14970;14971;14974;14980;14990;14999;15181;15191;15199;15200;15210;15410;15411;15419;15430;15439;15621;15630;15631;15634;15635;15639;15640;15646;15650;15831;15850;15851;15859;15869;15870;16066;16074;16094;16102;16106;16111;16125;16126
630,66,14119;14287;14301;14302;14310;14311;14314;14319;14329;14330;14521;14522;14530;14531;14534;14539;14546;14726;14727;14741;14751;14754;14759;14766;14770;14779;14962;14970;14971;14974;14980;14990;14999;15181;15191;15199;15200;15210;15410;15411;15419;15430;15439;15621;15630;15631;15634;15635;15639;15640;15646;15650;15831;15850;15851;15859;15869;15870;16066;16074;16094;16102;16106;16111;16125;16126
631,66,14119;14287;14301;14302;14310;14311;14314;14319;14329;14330;14521;14522;14530;14531;14534;14539;14546;14726;14727;14741;14751;14754;14759;14766;14770;14779;14962;14970;14971;14974;14980;14990;14999;15181;15191;15199;15200;15210;15410;15411;15419;15430;15439;15621;15630;15631;15634;15635;15639;15640;15646;15650;15831;15850;15851;15859;15869;15870;16066;16074;16094;16102;16106;16111;16125;16126
632,66,14119;14287;14301;14302;14310;14311;14314;14319;14329;14330;14521;14522;14530;14531;14534;14539;14546;14726;14727;14741;14751;14754;14759;14766;14770;14779;14962;14970;14971;14974;14980;14990;14999;15181;15191;15199;15200;15210;15410;15411;15419;15430;15439;15621;15630;15631;15634;15635;15639;15640;15646;15650;15831;15850;15851;15859;15869;15870;16066;16074;16094;16102;16106;16111;16125;16126
633,66,14119;14287;14301;14302;14310;14311;14314;14319;14329;14330;14521;14522;14530;14531;14534;14539;14546;14726;14727;14741;14751;14754;14759;14766;14770;14779;14962;14970;14971;14974;14980;14990;14999;15181;15191;15199;15200;15210;15410;15411;15419;15430;15439;15621;15630;15631;15634;15635;15639;15640;15646;15650;15831;15850;15851;15859;15869;15870;16066;16074;16094;16102;16106;16111;16125;16126
634,66,14119;14287;14301;14302;14310;14311;14314;14319;14329;14330;14521;14522;14530;14531;14534;14539;14546;14726;14727;14741;14751;14754;14759;14766;14770;14779;14962;14970;14971;14974;14980;14990;14999;15181;15191;15199;15200;15210;15410;15411;15419;15430;15439;15621;15630;15631;15634;15635;15639;15640;15646;15650;15831;15850;15851;15859;15869;15870;16066;16074;16094;16102;16106;16111;16125;16126
635,66,14119;14287;14301;14302;14310;14311;14314;14319;14329;14330;14521;14522;14530;14531;14534;14539;14546;14726;14727;14741;14751;14754;14759;14766;14770;14779;14962;14970;14971;14974;14980;14990;14999;15181;15191;15199;15200;15210;15410;15411;15419;15430;15439;15621;15630;15631;15634;15635;15639;15640;15646;15650;15831;15850;15851;15859;15869;15870;16066;16074;16094;16102;16106;16111;16125;16126
636,66,14119;14287;14301;14302;14310;14311;14314;14319;14329;14330;14521;14522;14530;14531;14534;14539;14546;14726;14727;14741;14751;14754;14759;14766;14770;14779;14962;14970;14971;14974;14980;14990;14999;15181;15191;15199;15200;15210;15410;15411;15419;15430;15439;15621;15630;15631;15634;15635;15639;15640;15646;15650;15831;15850;15851;15859;15869;15870;16066;16074;16094;16102;16106;16111;16125;16126
637,66,14119;14287;14301;14302;14310;14311;14314;14319;14329;14330;14521;14522;14530;14531;14534;14539;14546;14726;14727;14741;14751;14754;14759;14766;14770;14779;14962;14970;14971;14974;14980;14990;14999;15181;15191;15199;15200;15210;15410;15411;15419;15430;15439;15621;15630;15631;15634;15635;15639;15640;15646;15650;15831;15850;15851;15859;15869;15870;16066;16074;16094;16102;16106;16111;16125;16126
638,66,14119;14287;14301;14302;14310;14311;14314;14319;14329;14330;14521;14522;14530;14531;14534;14539;14546;14726;14727;14741;14751;14754;14759;14766;14770;14779;14962;14970;14971;14974;14980;14990;14999;15181;15191;15199;15200;15210;15410;15411;15419;15430;15439;15621;15630;15631;15634;15635;15639;15640;15646;15650;15831;15850;15851;15859;15869;15870;16066;16074;16094;16102;16106;16111;16125;16126
639,66,14119;14287;14301;14302;14310;14311;14314;14319;14329;14330;14521;14522;14530;14531;14534;14539;14546;14726;14727;14741;14751;14754;14759;14766;14770;14779;14962;14970;14971;14974;14980;14990;14999;15181;15191;15199;15200;15210;15410;15411;15419;15430;15439;15621;15630;15631;15634;15635;15639;15640;15646;15650;15831;15850;15851;15859;15869;15870;16066;16074;16094;16102;16106;16111;16125;16126
640,66,14119;14287;14301;14302;14310;14311;14314;14319;14329;14330;14521;14522;14530;14531;14534;14539;14546;14726;14727;14741;14751;14754;14759;14766;14770;14779;14962;14970;14971;14974;14980;14990;14999;15181;15191;15199;15200;15210;15410;15411;15419;15430;15439;15621;15630;15631;15634;15635;15639;15640;15646;15650;15831;15850;15851;15859;15869;15870;16066;16074;16094;16102;16106;16111;16125;16126
641,66,14119;14287;14301;14302;14310;14311;14314;14319;14329;14330;14521;14522;14530;14531;14534;14539;14546;14726;14727;14741;14751;14754;14759;14766;14770;14779;14962;14970;14971;14974;14980;14990;14999;15181;15191;15199;15200;15210;15410;15411;15419;15430;15439;15621;15630;15631;15634;15635;15639;15640;15646;15650;15831;15850;15851;15859;15869;15870;16066;16074;16094;16102;16106;16111;16125;16126
642,66,14119;14287;14301;14302;14310;14311;14314;14319;14329;14330;14521;14522;14530;14531;14534;14539;14546;14726;14727;14741;14751;14754;14759;14766;14770;14779;14962;14970;14971;14974;14980;14990;14999;15181;15191;15199;15200;15210;15410;15411;15419;15430;15439;15621;15630;15631;15634;15635;15639;15640;15646;15650;15831;15850;15851;15859;15869;15870;16066;16074;16094;16102;16106;16111;16125;16126
643,66,14119;14287;14301;14302;14310;14311;14314;14319;14329;14330;14521;14522;14530;14531;14534;14539;14546;14726;14727;14741;14751;14754;14759;14766;14770;14779;14962;14970;14971;14974;14980;14990;14999;15181;15191;15199;15200;15210;15410;15411;15419;15430;15439;15621;15630;15631;15634;15635;15639;15640;15646;15650;15831;15850;15851;15859;15869;15870;16066;16074;16094;16102;16106;16111;16125;16126
644,66,14119;14287;14301;14302;14310;14311;14314;14319;14329;14330;14521;14522;14530;14531;14534;14539;14546;14726;14727;14741;14751;14754;14759;14766;14770;14779;14962;14970;14971;14974;14980;14990;14999;15181;15191;15199;15200;15210;15410;15411;15419;15430;15439;15621;15630;15631;15634;15635;15639;15640;15646;15650;15831;15850;15851;15859;15869;15870;16066;16074;16094;16102;16106;16111;16125;16126
645,66,14119;14287;14301;14302;14310;14311;14314;14319;14329;14330;14521;14522;14530;14531;14534;14539;14546;14726;14727;14741;14751;14754;14759;14766;14770;14779;14962;14970;14971;14974;14980;14990;14999;15181;15191;15199;15200;15210;15410;15411;15419;15430;15439;15621;15630;15631;15634;15635;15639;15640;15646;15650;15831;15850;15851;15859;15869;15870;16066;16074;16094;16102;16106;16111;16125;16126
646,66,14119;14287;14301;14302;14310;14311;14314;14319;14329;14330;14521;14522;14530;14531;14534;14539;14546;14726;14727;14741;14751;14754;14759;14766;14770;14779;14962;14970;14971;14974;14980;14990;14999;15181;15191;15199;15200;15210;15410;15411;15419;15430;15439;15621;15630;15631;15634;15635;15639;15640;15646;15650;15831;15850;15851;15859;15869;15870;16066;16074;16094;16102;16106;16111;16125;16126
647,66,14119;14287;14301;14302;14310;14311;14314;14319;14329;14330;14521;14522;14530;14531;14534;14539;14546;14726;14727;14741;14751;14754;14759;14766;14770;14779;14962;14970;14971;14974;14980;14990;14999;15181;15191;15199;15200;15210;15410;15411;15419;15430;15439;15621;15630;15631;15634;15635;15639;15640;15646;15650;15831;15850;15851;15859;15869;15870;16066;16074;16094;16102;16106;16111;16125;16126
648,66,14119;14287;14301;14302;14310;14311;14314;14319;14329;14330;14521;14522;14530;14531;14534;14539;14546;14726;14727;14741;14751;14754;14759;14766;14770;14779;14962;14970;14971;14974;14980;14990;14999;15181;15191;15199;15200;15210;15410;15411;15419;15430;15439;15621;15630;15631;15634;15635;15639;15640;15646;15650;15831;15850;15851;15859;15869;15870;16066;16074;16094;16102;16106;16111;16125;16126
649,66,14119;14287;14301;14302;14310;14311;14314;14319;14329;14330;14521;14522;14530;14531;14534;14539;14546;14726;14727;14741;14751;14754;14759;14766;14770;14779;14962;14970;14971;14974;14980;14990;14999;15181;15191;15199;15200;15210;15410;15411;15419;15430;15439;15621;15630;15631;15634;15635;15639;15640;15646;15650;15831;15850;15851;15859;15869;15870;16066;16074;16094;16102;16106;16111;16125;16126
650,66,14119;14287;14301;14302;14310;14311;14314;14319;14329;14330;14521;14522;14530;14531;14534;14539;14546;14726;14727;14741;14751;14754;14759;14766;14770;14779;14962;14970;14971;14974;14980;14990;14999;15181;15191;15199;15200;15210;15410;15411;15419;15430;15439;15621;15630;15631;15634;15635;15639;15640;15646;15650;15831;15850;15851;15859;15869;15870;16066;16074;16094;16102;16106;16111;16125;16126
651,66,14119;14287;14301;14302;14310;14311;14314;14319;14329;14330;14521;14522;14530;14531;14534;14539;14546;14726;14727;14741;14751;14754;14759;14766;14770;14779;14962;14970;14971;14974;14980;14990;14999;15181;15191;15199;15200;15210;15410;15411;15419;15430;15439;15621;15630;15631;15634;15635;15639;15640;15646;15650;15831;15850;15851;15859;15869;15870;16066;16074;16094;16102;16106;16111;16125;16126
652,66,14119;14287;14301;14302;14310;14311;14314;14319;14329;14330;14521;14522;14530;14531;14534;14539;14546;14726;14727;14741;14751;14754;14759;14766;14770;14779;14962;14970;14971;14974;14980;14990;14999;15181;15191;15199;15200;15210;15410;15411;15419;15430;15439;15621;15630;15631;15634;15635;15639;15640;15646;15650;15831;15850;15851;15859;15869;15870;16066;16074;16094;16102;16106;16111;16125;16126
653,66,14119;14287;14301;14302;14310;14311;14314;14319;14329;14330;14521;14522;14530;14531;14534;14539;14546;14726;14727;14741;14751;14754;14759;14766;14770;14779;14962;14970;14971;14974;14980;14990;14999;15181;15191;15199;15200;15210;15410;15411;15419;15430;15439;15621;15630;15631;15634;15635;15639;15640;15646;15650;15831;15850;15851;15859;15869;15870;16066;16074;16094;16102;16106;16111;16125;16126
654,66,14119;14287;14301;14302;14310;14311;14314;14319;14329;14330;14521;14522;14530;14531;14534;14539;14546;14726;14727;14741;14751;14754;14759;14766;14770;14779;14962;14970;14971;14974;14980;14990;14999;15181;15191;15199;15200;15210;15410;15411;15419;15430;15439;15621;15630;15631;15634;15635;15639;15640;15646;15650;15831;15850;15851;15859;15869;15870;16066;16074;16094;16102;16106;16111;16125;16126
655,66,14119;14287;14301;14302;14310;14311;14314;14319;14329;14330;14521;14522;14530;14531;14534;14539;14546;14726;14727;14741;14751;14754;14759;14766;14770;14779;14962;14970;14971;14974;14980;14990;14999;15181;15191;15199;15200;15210;15410;15411;15419;15430;15439;15621;15630;15631;15634;15635;15639;15640;15646;15650;15831;15850;15851;15859;15869;15870;16066;16074;16094;16102;16106;16111;16125;16126
656,67,14119;14287;14301;14302;14310;14311;14314;14319;14329;14330;14521;14522;14530;14531;14534;14539;14546;14726;14727;14741;14751;14754;14759;14766;14770;14779;14962;14970;14971;14974;14980;14990;14999;15181;15191;15199;15200;15210;15410;15411;15419;15430;15439;15621;15630;15631;15634;15635;15639;15640;15646;15650;15831;15850;15851;15859;15869;15870;16066;16074;16094;16102;16106;16111;16125;16126;18249
657,102,14119;14287;14301;14302;14310;14311;14314;14319;14329;14330;14521;14522;14530;14531;14534;14539;14546;14726;14727;14741;14751;14754;14759;14766;14770;14779;14962;14970;14971;14974;14980;14990;14999;15181;15191;15199;15200;15210;15410;15411;15419;15430;15439;15621;15630;15631;15634;15635;15639;15640;15646;15650;15831;15850;15851;15859;15869;15870;16066;16074;16094;16102;16106;16111;16125;16126;16905;17161;17417;17635;17641;17664;17672;17861;17883;17887;17891;17896;17901;17904;17915;18117;18147;18152;18153;18157;18161;18168;18171;18249;18274;18399;18401;18409;18431;18433;18434;18435;18440;18441;18448;18460
658,106,14119;14287;14301;14302;14310;14311;14314;14319;14329;14330;14521;14522;14530;14531;14534;14539;14546;14726;14727;14741;14751;14754;14759;14766;14770;14779;14962;14970;14971;14974;14980;14990;15181;15191;15199;15200;15210;15411;15419;15430;15634;15639;16603;16607;16611;16617;16820;16837;16844;16845;16859;16865;16867;16873;16880;16891;16905;17093;17119;17123;17128;17129;17133;17147;17161;17349;17371;17377;17379;17384;17385;17389;17392;17400;17403;17417;17605;17635;17640;17641;17645;17648;17649;17659;17672;17883;17887;17896;17901;17904;17905;17915;18152;18153;18157;18161;18168;18171;18249;18399;18409;18431;18440;18441;18448;18460
659,79,14287;14301;14302;14310;14311;14314;14319;14329;14330;14531;14534;14539;14546;16347;16353;16360;16361;16364;16365;16376;16379;16383;16603;16607;16609;16611;16616;16617;16632;16820;16844;16845;16859;16873;16880;16891;16905;17119;17128;17129;17133;17147;17161;17371;17384;17385;17389;17392;17400;17403;17417;17640;17641;17645;17648;17649;17659;17672;17883;17887;17896;17901;17904;17905;17915;18152;18153;18157;18161;18168;18171;18249;18399;18409;18431;18440;18441;18448;18460
660,63,16347;16360;16361;16364;16365;16376;16379;16383;16603;16607;16616;16617;16632;16820;16844;16845;16859;16873;16880;16891;16905;17119;17128;17129;17133;17147;17161;17371;17384;17385;17389;17392;17400;17403;17417;17640;17641;17645;17648;17649;17659;17672;17883;17887;17896;17901;17904;17905;17915;18152;18153;18157;18161;18168;18171;18249;18399;18409;18431;18440;18441;18448;18460
661,63,16347;16360;16361;16364;16365;16376;16379;16383;16603;16607;16616;16617;16632;16820;16844;16845;16859;16873;16880;16891;16905;17119;17128;17129;17133;17147;17161;17371;17384;17385;17389;17392;17400;17403;17417;17640;17641;17645;17648;17649;17659;17672;17883;17887;17896;17901;17904;17905;17915;18152;18153;18157;18161;18168;18171;18249;18399;18409;18431;18440;18441;18448;18460
662,63,16347;16360;16361;16364;16365;16376;16379;16383;16603;16607;16616;16617;16632;16820;16844;16845;16859;16873;16880;16891;16905;17119;17128;17129;17133;17147;17161;17371;17384;17385;17389;17392;17400;17403;17417;17640;17641;17645;17648;17649;17659;17672;17883;17887;17896;17901;17904;17905;17915;18152;18153;18157;18161;18168;18171;18249;18399;18409;18431;18440;18441;18448;18460
663,63,16347;16360;16361;16364;16365;16376;16379;16383;16603;16607;16616;16617;16632;16820;16844;16845;16859;16873;16880;16891;16905;17119;17128;17129;17133;17147;17161;17371;17384;17385;17389;17392;17400;17403;17417;17640;17641;17645;17648;17649;17659;17672;17883;17887;17896;17901;17904;17905;17915;18152;18153;18157;18161;18168;18171;18249;18399;18409;18431;18440;18441;18448;18460
664,63,16347;16360;16361;16364;16365;16376;16379;16383;16603;16607;16616;16617;16632;16820;16844;16845;16859;16873;16880;16891;16905;17119;17128;17129;17133;17147;17161;17371;17384;17385;17389;17392;17400;17403;17417;17640;17641;17645;17648;17649;17659;17672;17883;17887;17896;17901;17904;17905;17915;18152;18153;18157;18161;18168;18171;18249;18399;18409;18431;18440;18441;18448;18460
665,63,16347;16360;16361;16364;16365;16376;16379;16383;16603;16607;16616;16617;16632;16820;16844;16845;16859;16873;16880;16891;16905;17119;17128;17129;17133;17147;17161;17371;17384;17385;17389;17392;17400;17403;17417;17640;17641;17645;17648;17649;17659;17672;17883;17887;17896;17901;17904;17905;17915;18152;18153;18157;18161;18168;18171;18249;18399;18409;18431;18440;18441;18448;18460
666,63,16347;16360;16361;16364;16365;16376;16379;16383;16603;16607;16616;16617;16632;16820;16844;16845;16859;16873;16880;16891;16905;17119;17128;17129;17133;17147;17161;17371;17384;17385;17389;17392;17400;17403;17417;17640;17641;17645;17648;17649;17659;17672;17883;17887;17896;17901;17904;17905;17915;18152;18153;18157;18161;18168;18171;18249;18399;18409;18431;18440;18441;18448;18460
667,63,16347;16360;16361;16364;16365;16376;16379;16383;16603;16607;16616;16617;16632;16820;16844;16845;16859;16873;16880;16891;16905;17119;17128;17129;17133;17147;17161;17371;17384;17385;17389;17392;17400;17403;17417;17640;17641;17645;17648;17649;17659;17672;17883;17887;17896;17901;17904;17905;17915;18152;18153;18157;18161;18168;18171;18249;18399;18409;18431;18440;18441;18448;18460
668,63,16347;16360;16361;16364;16365;16376;16379;16383;16603;16607;16616;16617;16632;16820;16844;16845;16859;16873;16880;16891;16905;17119;17128;17129;17133;17147;17161;17371;17384;17385;17389;17392;17400;17403;17417;17640;17641;17645;17648;17649;17659;17672;17883;17887;17896;17901;17904;17905;17915;18152;18153;18157;18161;18168;18171;18249;18399;18409;18431;18440;18441;18448;18460
669,63,16347;16360;16361;16364;16365;16376;16379;16383;16603;16607;16616;16617;16632;16820;16844;16845;16859;16873;16880;16891;16905;17119;17128;17129;17133;17147;17161;17371;17384;17385;17389;17392;17400;17403;17417;17640;17641;17645;17648;17649;17659;17672;17883;17887;17896;17901;17904;17905;17915;18152;18153;18157;18161;18168;18171;18249;18399;18409;18431;18440;18441;18448;18460
670,63,16347;16360;16361;16364;16365;16376;16379;16383;16603;16607;16616;16617;16632;16820;16844;16845;16859;16873;16880;16891;16905;17119;17128;17129;17133;17147;17161;17371;17384;17385;17389;17392;17400;17403;17417;17640;17641;17645;17648;17649;17659;17672;17883;17887;17896;17901;17904;17905;17915;18152;18153;18157;18161;18168;18171;18249;18399;18409;18431;18440;18441;18448;18460
671,63,16347;16360;16361;16364;16365;16376;16379;16383;16603;16607;16616;16617;16632;16820;16844;16845;16859;16873;16880;16891;16905;17119;17128;17129;17133;17147;17161;17371;17384;17385;17389;17392;17400;17403;17417;17640;17641;17645;17648;17649;17659;17672;17883;17887;17896;17901;17904;17905;17915;18152;18153;18157;18161;18168;18171;18249;18399;18409;18431;18440;18441;18448;18460
672,63,16347;16360;16361;16364;16365;16376;16379;16383;16603;16607;16616;16617;16632;16820;16844;16845;16859;16873;16880;16891;16905;17119;17128;17129;17133;17147;17161;17371;17384;17385;17389;17392;17400;17403;17417;17640;17641;17645;17648;17649;17659;17672;17883;17887;17896;17901;17904;17905;17915;18152;18153;18157;18161;18168;18171;18249;18399;18409;18431;18440;18441;18448;18460
673,63,16347;16360;16361;16364;16365;16376;16379;16383;16603;16607;16616;16617;16632;16820;16844;16845;16859;16873;16880;16891;16905;17119;17128;17129;17133;17147;17161;17371;17384;17385;17389;17392;17400;17403;17417;17640;17641;17645;17648;17649;17659;17672;17883;17887;17896;17901;17904;17905;17915;18152;18153;18157;18161;18168;18171;18249;18399;18409;18431;18440;18441;18448;18460
674,63,16347;16360;16361;16364;16365;16376;16379;16383;16603;16607;16616;16617;16632;16820;16844;16845;16859;16873;16880;16891;16905;17119;17128;17129;17133;17147;17161;17371;17384;17385;17389;17392;17400;17403;17417;17640;17641;17645;17648;17649;17659;17672;17883;17887;17896;17901;17904;17905;17915;18152;18153;18157;18161;18168;18171;18249;18399;18409;18431;18440;18441;18448;18460
675,63,16347;16360;16361;16364;16365;16376;16379;16383;16603;16607;16616;16617;16632;16820;16844;16845;16859;16873;16880;16891;16905;17119;17128;17129;17133;17147;17161;17371;17384;17385;17389;17392;17400;17403;17417;17640;17641;17645;17648;17649;17659;17672;17883;17887;17896;17901;17904;17905;17915;18152;18153;18157;18161;18168;18171;18249;18399;18409;18431;18440;18441;18448;18460
676,63,16347;16360;16361;16364;16365;16376;16379;16383;16603;16607;16616;16617;16632;16820;16844;16845;16859;16873;16880;16891;16905;17119;17128;17129;17133;17147;17161;17371;17384;17385;17389;17392;17400;17403;17417;17640;17641;17645;17648;17649;17659;17672;17883;17887;17896;17901;17904;17905;17915;18152;18153;18157;18161;18168;18171;18249;18399;18409;18431;18440;18441;18448;18460
677,63,16347;16360;16361;16364;16365;16376;16379;16383;16603;16607;16616;16617;16632;16820;16844;16845;16859;16873;16880;16891;16905;17119;17128;17129;17133;17147;17161;17371;17384;17385;17389;17392;17400;17403;17417;17640;17641;17645;17648;17649;17659;17672;17883;17887;17896;17901;17904;17905;17915;18152;18153;18157;18161;18168;18171;18249;18399;18409;18431;18440;18441;18448;18460
678,63,16347;16360;16361;16364;16365;16376;16379;16383;16603;16607;16616;16617;16632;16820;16844;16845;16859;16873;16880;16891;16905;17119;17128;17129;17133;17147;17161;17371;17384;17385;17389;17392;17400;17403;17417;17640;17641;17645;17648;17649;17659;17672;17883;17887;17896;17901;17904;17905;17915;18152;18153;18157;18161;18168;18171;18249;18399;18409;18431;18440;18441;18448;18460
679,63,16347;16360;16361;16364;16365;16376;16379;16383;16603;16607;16616;16617;16632;16820;16844;16845;16859;16873;16880;16891;16905;17119;17128;17129;17133;17147;17161;17371;17384;17385;17389;17392;17400;17403;17417;17640;17641;17645;17648;17649;17659;17672;17883;17887;17896;17901;17904;17905;17915;18152;18153;18157;18161;18168;18171;18249;18399;18409;18431;18440;18441;18448;18460
680,63,16347;16360;16361;16364;16365;16376;16379;16383;16603;16607;16616;16617;16632;16820;16844;16845;16859;16873;16880;16891;16905;17119;17128;17129;17133;17147;17161;17371;17384;17385;17389;17392;17400;17403;17417;17640;17641;17645;17648;17649;17659;17672;17883;17887;17896;17901;17904;17905;17915;18152;18153;18157;18161;18168;18171;18249;18399;18409;18431;18440;18441;18448;18460
681,63,16347;16360;16361;16364;16365;16376;16379;16383;16603;16607;16616;16617;16632;16820;16844;16845;16859;16873;16880;16891;16905;17119;17128;17129;17133;17147;17161;17371;17384;17385;17389;17392;17400;17403;17417;17640;17641;17645;17648;17649;17659;17672;17883;17887;17896;17901;17904;17905;17915;18152;18153;18157;18161;18168;18171;18249;18399;18409;18431;18440;18441;18448;18460
682,63,16347;16360;16361;16364;16365;16376;16379;16383;16603;16607;16616;16617;16632;16820;16844;16845;16859;16873;16880;16891;16905;17119;17128;17129;17133;17147;17161;17371;17384;17385;17389;17392;17400;17403;17417;17640;17641;17645;17648;17649;17659;17672;17883;17887;17896;17901;17904;17905;17915;18152;18153;18157;18161;18168;18171;18249;18399;18409;18431;18440;18441;18448;18460
683,63,16347;16360;16361;16364;16365;16376;16379;16383;16603;16607;16616;16617;16632;16820;16844;16845;16859;16873;16880;16891;16905;17119;17128;17129;17133;17147;17161;17371;17384;17385;17389;17392;17400;17403;17417;17640;17641;17645;17648;17649;17659;17672;17883;17887;17896;17901;17904;17905;17915;18152;18153;18157;18161;18168;18171;18249;18399;18409;18431;18440;18441;18448;18460
684,63,16347;16360;16361;16364;16365;16376;16379;16383;16603;16607;16616;16617;16632;16820;16844;16845;16859;16873;16880;16891;16905;17119;17128;17129;17133;17147;17161;17371;17384;17385;17389;17392;17400;17403;17417;17640;17641;17645;17648;17649;17659;17672;17883;17887;17896;17901;17904;17905;17915;18152;18153;18157;18161;18168;18171;18249;18399;18409;18431;18440;18441;18448;18460
685,63,16347;16360;16361;16364;16365;16376;16379;16383;16603;16607;16616;16617;16632;16820;16844;16845;16859;16873;16880;16891;16905;17119;17128;17129;17133;17147;17161;17371;17384;17385;17389;17392;17400;17403;17417;17640;17641;17645;17648;17649;17659;17672;17883;17887;17896;17901;17904;17905;17915;18152;18153;18157;18161;18168;18171;18249;18399;18409;18431;18440;18441;18448;18460
686,63,16347;16360;16361;16364;16365;16376;16379;16383;16603;16607;16616;16617;16632;16820;16844;16845;16859;16873;16880;16891;16905;17119;17128;17129;17133;17147;17161;17371;17384;17385;17389;17392;17400;17403;17417;17640;17641;17645;17648;17649;17659;17672;17883;17887;17896;17901;17904;17905;17915;18152;18153;18157;18161;18168;18171;18249;18399;18409;18431;18440;18441;18448;18460
687,63,16347;16360;16361;16364;16365;16376;16379;16383;16603;16607;16616;16617;16632;16820;16844;16845;16859;16873;16880;16891;16905;17119;17128;17129;17133;17147;17161;17371;17384;17385;17389;17392;17400;17403;17417;17640;17641;17645;17648;17649;17659;17672;17883;17887;17896;17901;17904;17905;17915;18152;18153;18157;18161;18168;18171;18249;18399;18409;18431;18440;18441;18448;18460
688,63,16347;16360;16361;16364;16365;16376;16379;16383;16603;16607;16616;16617;16632;16820;16844;16845;16859;16873;16880;16891;16905;17119;17128;17129;17133;17147;17161;17371;17384;17385;17389;17392;17400;17403;17417;17640;17641;17645;17648;17649;17659;17672;17883;17887;17896;17901;17904;17905;17915;18152;18153;18157;18161;18168;18171;18249;18399;18409;18431;18440;18441;18448;18460
689,63,16347;16360;16361;16364;16365;16376;16379;16383;16603;16607;16616;16617;16632;16820;16844;16845;16859;16873;16880;16891;16905;17119;17128;17129;17133;17147;17161;17371;17384;17385;17389;17392;17400;17403;17417;17640;17641;17645;17648;17649;17659;17672;17883;17887;17896;17901;17904;17905;17915;18152;18153;18157;18161;18168;18171;18249;18399;18409;18431;18440;18441;18448;18460
690,63,16347;16360;16361;16364;16365;16376;16379;16383;16603;16607;16616;16617;16632;16820;16844;16845;16859;16873;16880;16891;16905;17119;17128;17129;17133;17147;17161;17371;17384;17385;17389;17392;17400;17403;17417;17640;17641;17645;17648;17649;17659;17672;17883;17887;17896;17901;17904;17905;17915;18152;18153;18157;18161;18168;18171;18249;18399;18409;18431;18440;18441;18448;18460
691,63,16347;16360;16361;16364;16365;16376;16379;16383;16603;16607;16616;16617;16632;16820;16844;16845;16859;16873;16880;16891;16905;17119;17128;17129;17133;17147;17161;17371;17384;17385;17389;17392;17400;17403;17417;17640;17641;17645;17648;17649;17659;17672;17883;17887;17896;17901;17904;17905;17915;18152;18153;18157;18161;18168;18171;18249;18399;18409;18431;18440;18441;18448;18460
692,63,16347;16360;16361;16364;16365;16376;16379;16383;16603;16607;16616;16617;16632;16820;16844;16845;16859;16873;16880;16891;16905;17119;17128;17129;17133;17147;17161;17371;17384;17385;17389;17392;17400;17403;17417;17640;17641;17645;17648;17649;17659;17672;17883;17887;17896;17901;17904;17905;17915;18152;18153;18157;18161;18168;18171;18249;18399;18409;18431;18440;18441;18448;18460
693,63,16347;16360;16361;16364;16365;16376;16379;16383;16603;16607;16616;16617;16632;16820;16844;16845;16859;16873;16880;16891;16905;17119;17128;17129;17133;17147;17161;17371;17384;17385;17389;17392;17400;17403;17417;17640;17641;17645;17648;17649;17659;17672;17883;17887;17896;17901;17904;17905;17915;18152;18153;18157;18161;18168;18171;18249;18399;18409;18431;18440;18441;18448;18460
694,63,16347;16360;16361;16364;16365;16376;16379;16383;16603;16607;16616;16617;16632;16820;16844;16845;16859;16873;16880;16891;16905;17119;17128;17129;17133;17147;17161;17371;17384;17385;17389;17392;17400;17403;17417;17640;17641;17645;17648;17649;17659;17672;17883;17887;17896;17901;17904;17905;17915;18152;18153;18157;18161;18168;18171;18249;18399;18409;18431;18440;18441;18448;18460
695,63,16347;16360;16361;16364;16365;16376;16379;16383;16603;16607;16616;16617;16632;16820;16844;16845;16859;16873;16880;16891;16905;17119;17128;17129;17133;17147;17161;17371;17384;17385;17389;17392;17400;17403;17417;17640;17641;17645;17648;17649;17659;17672;17883;17887;17896;17901;17904;17905;17915;18152;18153;18157;18161;18168;18171;18249;18399;18409;18431;18440;18441;18448;18460
696,86,16347;16360;16361;16364;16365;16376;16379;16383;16603;16607;16616;16617;16632;16820;16844;16845;16859;16873;16880;16891;16905;17119;17128;17129;17133;17147;17161;17371;17384;17385;17389;17392;17400;17403;17417;17426;17640;17641;17645;17648;17649;17659;17672;17675;17678;17883;17887;17896;17901;17904;17905;17915;17931;18152;18153;18157;18161;18168;18171;18186;18187;18238;18249;18270;18334;18366;18378;18398;18399;18409;18410;18422;18425;18430;18431;18440;18441;18442;18443;18448;18456;18458;18459;18460;18461;18466
697,147,16347;16360;16361;16364;16365;16376;16379;16383;16395;16430;16458;16603;16607;16616;16617;16632;16664;16692;16820;16844;16845;16859;16873;16880;16891;16905;16907;16914;17090;17103;17113;17119;17128;17129;17133;17145;17147;17150;17161;17163;17168;17170;17358;17369;17371;17373;17374;17384;17385;17389;17390;17392;17394;17396;17399;17400;17402;17403;17406;17417;17419;17426;17432;17562;17614;17615;17620;17625;17629;17630;17640;17641;17643;17645;17648;17649;17650;17651;17652;17655;17658;17659;17662;17675;17678;17871;17875;17876;17881;17883;17885;17886;17887;17896;17899;17901;17904;17905;17907;17911;17914;17915;17918;17931;18126;18127;18131;18137;18141;18142;18152;18153;18155;18157;18161;18162;18163;18164;18167;18168;18170;18171;18174;18186;18187;18238;18270;18334;18366;18378;18398;18410;18415;18429;18430;18442;18443;18446;18448;18450;18451;18456;18459;18460;18461;18462;18466
698,135,16146;16334;16335;16347;16349;16350;16360;16361;16364;16365;16366;16371;16376;16379;16382;16383;16395;16408;16430;16436;16458;16590;16591;16601;16603;16605;16606;16607;16616;16617;16622;16631;16632;16633;16634;16820;16844;16845;16846;16847;16857;16859;16861;16862;16873;16880;16882;16883;16887;16891;16894;16907;17090;17103;17113;17114;17117;17128;17129;17130;17131;17133;17138;17140;17143;17145;17146;17147;17150;17163;17168;17358;17373;17374;17390;17394;17396;17402;17406;17419;17562;17614;17615;17620;17629;17630;17643;17650;17651;17652;17658;17662;17675;17678;17871;17875;17876;17885;17886;17899;17907;17914;17918;17931;18126;18127;18131;18141;18142;18155;18162;18163;18164;18170;18174;18186;18187;18238;18270;18334;18366;18378;18398;18410;18415;18429;18430;18442;18443;18446;18450;18451;18456;18462;18466
699,98,16334;16335;16349;16350;16366;16371;16382;16395;16590;16591;16605;16606;16622;16634;16846;16847;16861;16862;16882;16883;16894;16907;17090;17103;17114;17117;17130;17131;17138;17140;17146;17150;17163;17168;17358;17373;17374;17390;17394;17396;17402;17406;17419;17562;17614;17615;17620;17629;17630;17643;17650;17651;17652;17658;17662;17675;17678;17871;17875;17876;17885;17886;17899;17907;17914;17918;17931;18126;18127;18131;18141;18142;18155;18162;18163;18164;18170;18174;18186;18187;18238;18270;18334;18366;18378;18398;18410;18415;18429;18430;18442;18443;18446;18450;18451;18456;18462;18466
700,98,16334;16335;16349;16350;16366;16371;16382;16395;16590;16591;16605;16606;16622;16634;16846;16847;16861;16862;16882;16883;16894;16907;17090;17103;17114;17117;17130;17131;17138;17140;17146;17150;17163;17168;17358;17373;17374;17390;17394;17396;17402;17406;17419;17562;17614;17615;17620;17629;17630;17643;17650;17651;17652;17658;17662;17675;17678;17871;17875;17876;17885;17886;17899;17907;17914;17918;17931;18126;18127;18131;18141;18142;18155;18162;18163;18164;18170;18174;18186;18187;18238;18270;18334;18366;18378;18398;18410;18415;18429;18430;18442;18443;18446;18450;18451;18456;18462;18466
701,98,16334;16335;16349;16350;16366;16371;16382;16395;16590;16591;16605;16606;16622;16634;16846;16847;16861;16862;16882;16883;16894;16907;17090;17103;17114;17117;17130;17131;17138;17140;17146;17150;17163;17168;17358;17373;17374;17390;17394;17396;17402;17406;17419;17562;17614;17615;17620;17629;17630;17643;17650;17651;17652;17658;17662;17675;17678;17871;17875;17876;17885;17886;17899;17907;17914;17918;17931;18126;18127;18131;18141;18142;18155;18162;18163;18164;18170;18174;18186;18187;18238;18270;18334;18366;18378;18398;18410;18415;18429;18430;18442;18443;18446;18450;18451;18456;18462;18466
702,98,16334;16335;16349;16350;16366;16371;16382;16395;16590;16591;16605;16606;16622;16634;16846;16847;16861;16862;16882;16883;16894;16907;17090;17103;17114;17117;17130;17131;17138;17140;17146;17150;17163;17168;17358;17373;17374;17390;17394;17396;17402;17406;17419;17562;17614;17615;17620;17629;17630;17643;17650;17651;17652;17658;17662;17675;17678;17871;17875;17876;17885;17886;17899;17907;17914;17918;17931;18126;18127;18131;18141;18142;18155;18162;18163;18164;18170;18174;18186;18187;18238;18270;18334;18366;18378;18398;18410;18415;18429;18430;18442;18443;18446;18450;18451;18456;18462;18466
703,98,16334;16335;16349;16350;16366;16371;16382;16395;16590;16591;16605;16606;16622;16634;16846;16847;16861;16862;16882;16883;16894;16907;17090;17103;17114;17117;17130;17131;17138;17140;17146;17150;17163;17168;17358;17373;17374;17390;17394;17396;17402;17406;17419;17562;17614;17615;17620;17629;17630;17643;17650;17651;17652;17658;17662;17675;17678;17871;17875;17876;17885;17886;17899;17907;17914;17918;17931;18126;18127;18131;18141;18142;18155;18162;18163;18164;18170;18174;18186;18187;18238;18270;18334;18366;18378;18398;18410;18415;18429;18430;18442;18443;18446;18450;18451;18456;18462;18466
704,98,16334;16335;16349;16350;16366;16371;16382;16395;16590;16591;16605;16606;16622;16634;16846;16847;16861;16862;16882;16883;16894;16907;17090;17103;17114;17117;17130;17131;17138;17140;17146;17150;17163;17168;17358;17373;17374;17390;17394;17396;17402;17406;17419;17562;17614;17615;17620;17629;17630;17643;17650;17651;17652;17658;17662;17675;17678;17871;17875;17876;17885;17886;17899;17907;17914;17918;17931;18126;18127;18131;18141;18142;18155;18162;18163;18164;18170;18174;18186;18187;18238;18270;18334;18366;18378;18398;18410;18415;18429;18430;18442;18443;18446;18450;18451;18456;18462;18466
705,98,16334;16335;16349;16350;16366;16371;16382;16395;16590;16591;16605;16606;16622;16634;16846;16847;16861;16862;16882;16883;16894;16907;17090;17103;17114;17117;17130;17131;17138;17140;17146;17150;17163;17168;17358;17373;17374;17390;17394;17396;17402;17406;17419;17562;17614;17615;17620;17629;17630;17643;17650;17651;17652;17658;17662;17675;17678;17871;17875;17876;17885;17886;17899;17907;17914;17918;17931;18126;18127;18131;18141;18142;18155;18162;18163;18164;18170;18174;18186;18187;18238;18270;18334;18366;18378;18398;18410;18415;18429;18430;18442;18443;18446;18450;18451;18456;18462;18466
706,98,16334;16335;16349;16350;16366;16371;16382;16395;16590;16591;16605;16606;16622;16634;16846;16847;16861;16862;16882;16883;16894;16907;17090;17103;17114;17117;17130;17131;17138;17140;17146;17150;17163;17168;17358;17373;17374;17390;17394;17396;17402;17406;17419;17562;17614;17615;17620;17629;17630;17643;17650;17651;17652;17658;17662;17675;17678;17871;17875;17876;17885;17886;17899;17907;17914;17918;17931;18126;18127;18131;18141;18142;18155;18162;18163;18164;18170;18174;18186;18187;18238;18270;18334;18366;18378;18398;18410;18415;18429;18430;18442;18443;18446;18450;18451;18456;18462;18466
707,98,16334;16335;16349;16350;16366;16371;16382;16395;16590;16591;16605;16606;16622;16634;16846;16847;16861;16862;16882;16883;16894;16907;17090;17103;17114;17117;17130;17131;17138;17140;17146;17150;17163;17168;17358;17373;17374;17390;17394;17396;17402;17406;17419;17562;17614;17615;17620;17629;17630;17643;17650;17651;17652;17658;17662;17675;17678;17871;17875;17876;17885;17886;17899;17907;17914;17918;17931;18126;18127;18131;18141;18142;18155;18162;18163;18164;18170;18174;18186;18187;18238;18270;18334;18366;18378;18398;18410;18415;18429;18430;18442;18443;18446;18450;18451;18456;18462;18466
708,98,16334;16335;16349;16350;16366;16371;16382;16395;16590;16591;16605;16606;16622;16634;16846;16847;16861;16862;16882;16883;16894;16907;17090;17103;17114;17117;17130;17131;17138;17140;17146;17150;17163;17168;17358;17373;17374;17390;17394;17396;17402;17406;17419;17562;17614;17615;17620;17629;17630;17643;17650;17651;17652;17658;17662;17675;17678;17871;17875;17876;17885;17886;17899;17907;17914;17918;17931;18126;18127;18131;18141;18142;18155;18162;18163;18164;18170;18174;18186;18187;18238;18270;18334;18366;18378;18398;18410;18415;18429;18430;18442;18443;18446;18450;18451;18456;18462;18466
709,98,16334;16335;16349;16350;16366;16371;16382;16395;16590;16591;16605;16606;16622;16634;16846;16847;16861;16862;16882;16883;16894;16907;17090;17103;17114;17117;17130;17131;17138;17140;17146;17150;17163;17168;17358;17373;17374;17390;17394;17396;17402;17406;17419;17562;17614;17615;17620;17629;17630;17643;17650;17651;17652;17658;17662;17675;17678;17871;17875;17876;17885;17886;17899;17907;17914;17918;17931;18126;18127;18131;18141;18142;18155;18162;18163;18164;18170;18174;18186;18187;18238;18270;18334;18366;18378;18398;18410;18415;18429;18430;18442;18443;18446;18450;18451;18456;18462;18466
710,98,16334;16335;16349;16350;16366;16371;16382;16395;16590;16591;16605;16606;16622;16634;16846;16847;16861;16862;16882;16883;16894;16907;17090;17103;17114;17117;17130;17131;17138;17140;17146;17150;17163;17168;17358;17373;17374;17390;17394;17396;17402;17406;17419;17562;17614;17615;17620;17629;17630;17643;17650;17651;17652;17658;17662;17675;17678;17871;17875;17876;17885;17886;17899;17907;17914;17918;17931;18126;18127;18131;18141;18142;18155;18162;18163;18164;18170;18174;18186;18187;18238;18270;18334;18366;18378;18398;18410;18415;18429;18430;18442;18443;18446;18450;18451;18456;18462;18466
711,98,16334;16335;16349;16350;16366;16371;16382;16395;16590;16591;16605;16606;16622;16634;16846;16847;16861;16862;16882;16883;16894;16907;17090;17103;17114;17117;17130;17131;17138;17140;17146;17150;17163;17168;17358;17373;17374;17390;17394;17396;17402;17406;17419;17562;17614;17615;17620;17629;17630;17643;17650;17651;17652;17658;17662;17675;17678;17871;17875;17876;17885;17886;17899;17907;17914;17918;17931;18126;18127;18131;18141;18142;18155;18162;18163;18164;18170;18174;18186;18187;18238;18270;18334;18366;18378;18398;18410;18415;18429;18430;18442;18443;18446;18450;18451;18456;18462;18466
712,98,16334;16335;16349;16350;16366;16371;16382;16395;16590;16591;16605;16606;16622;16634;16846;16847;16861;16862;16882;16883;16894;16907;17090;17103;17114;17117;17130;17131;17138;17140;17146;17150;17163;17168;17358;17373;17374;17390;17394;17396;17402;17406;17419;17562;17614;17615;17620;17629;17630;17643;17650;17651;17652;17658;17662;17675;17678;17871;17875;17876;17885;17886;17899;17907;17914;17918;17931;18126;18127;18131;18141;18142;18155;18162;18163;18164;18170;18174;18186;18187;18238;18270;18334;18366;18378;18398;18410;18415;18429;18430;18442;18443;18446;18450;18451;18456;18462;18466
713,98,16334;16335;16349;16350;16366;16371;16382;16395;16590;16591;16605;16606;16622;16634;16846;16847;16861;16862;16882;16883;16894;16907;17090;17103;17114;17117;17130;17131;17138;17140;17146;17150;17163;17168;17358;17373;17374;17390;17394;17396;17402;17406;17419;17562;17614;17615;17620;17629;17630;17643;17650;17651;17652;17658;17662;17675;17678;17871;17875;17876;17885;17886;17899;17907;17914;17918;17931;18126;18127;18131;18141;18142;18155;18162;18163;18164;18170;18174;18186;18187;18238;18270;18334;18366;18378;18398;18410;18415;18429;18430;18442;18443;18446;18450;18451;18456;18462;18466
714,98,16334;16335;16349;16350;16366;16371;16382;16395;16590;16591;16605;16606;16622;16634;16846;16847;16861;16862;16882;16883;16894;16907;17090;17103;17114;17117;17130;17131;17138;17140;17146;17150;17163;17168;17358;17373;17374;17390;17394;17396;17402;17406;17419;17562;17614;17615;17620;17629;17630;17643;17650;17651;17652;17658;17662;17675;17678;17871;17875;17876;17885;17886;17899;17907;17914;17918;17931;18126;18127;18131;18141;18142;18155;18162;18163;18164;18170;18174;18186;18187;18238;18270;18334;18366;18378;18398;18410;18415;18429;18430;18442;18443;18446;18450;18451;18456;18462;18466
715,98,16334;16335;16349;16350;16366;16371;16382;16395;16590;16591;16605;16606;16622;16634;16846;16847;16861;16862;16882;16883;16894;16907;17090;17103;17114;17117;17130;17131;17138;17140;17146;17150;17163;17168;17358;17373;17374;17390;17394;17396;17402;17406;17419;17562;17614;17615;17620;17629;17630;17643;17650;17651;17652;17658;17662;17675;17678;17871;17875;17876;17885;17886;17899;17907;17914;17918;17931;18126;18127;18131;18141;18142;18155;18162;18163;18164;18170;18174;18186;18187;18238;18270;18334;18366;18378;18398;18410;18415;18429;18430;18442;18443;18446;18450;18451;18456;18462;18466
716,98,16334;16335;16349;16350;16366;16371;16382;16395;16590;16591;16605;16606;16622;16634;16846;16847;16861;16862;16882;16883;16894;16907;17090;17103;17114;17117;17130;17131;17138;17140;17146;17150;17163;17168;17358;17373;17374;17390;17394;17396;17402;17406;17419;17562;17614;17615;17620;17629;17630;17643;17650;17651;17652;17658;17662;17675;17678;17871;17875;17876;17885;17886;17899;17907;17914;17918;17931;18126;18127;18131;18141;18142;18155;18162;18163;18164;18170;18174;18186;18187;18238;18270;18334;18366;18378;18398;18410;18415;18429;18430;18442;18443;18446;18450;18451;18456;18462;18466
717,98,16334;16335;16349;16350;16366;16371;16382;16395;16590;16591;16605;16606;16622;16634;16846;16847;16861;16862;16882;16883;16894;16907;17090;17103;17114;17117;17130;17131;17138;17140;17146;17150;17163;17168;17358;17373;17374;17390;17394;17396;17402;17406;17419;17562;17614;17615;17620;17629;17630;17643;17650;17651;17652;17658;17662;17675;17678;17871;17875;17876;17885;17886;17899;17907;17914;17918;17931;18126;18127;18131;18141;18142;18155;18162;18163;18164;18170;18174;18186;18187;18238;18270;18334;18366;18378;18398;18410;18415;18429;18430;18442;18443;18446;18450;18451;18456;18462;18466
718,98,16334;16335;16349;16350;16366;16371;16382;16395;16590;16591;16605;16606;16622;16634;16846;16847;16861;16862;16882;16883;16894;16907;17090;17103;17114;17117;17130;17131;17138;17140;17146;17150;17163;17168;17358;17373;17374;17390;17394;17396;17402;17406;17419;17562;17614;17615;17620;17629;17630;17643;17650;17651;17652;17658;17662;17675;17678;17871;17875;17876;17885;17886;17899;17907;17914;17918;17931;18126;18127;18131;18141;18142;18155;18162;18163;18164;18170;18174;18186;18187;18238;18270;18334;18366;18378;18398;18410;18415;18429;18430;18442;18443;18446;18450;18451;18456;18462;18466
719,98,16334;16335;16349;16350;16366;16371;16382;16395;16590;16591;16605;16606;16622;16634;16846;16847;16861;16862;16882;16883;16894;16907;17090;17103;17114;17117;17130;17131;17138;17140;17146;17150;17163;17168;17358;17373;17374;17390;17394;17396;17402;17406;17419;17562;17614;17615;17620;17629;17630;17643;17650;17651;17652;17658;17662;17675;17678;17871;17875;17876;17885;17886;17899;17907;17914;17918;17931;18126;18127;18131;18141;18142;18155;18162;18163;18164;18170;18174;18186;18187;18238;18270;18334;18366;18378;18398;18410;18415;18429;18430;18442;18443;18446;18450;18451;18456;18462;18466
720,98,16334;16335;16349;16350;16366;16371;16382;16395;16590;16591;16605;16606;16622;16634;16846;16847;16861;16862;16882;16883;16894;16907;17090;17103;17114;17117;17130;17131;17138;17140;17146;17150;17163;17168;17358;17373;17374;17390;17394;17396;17402;17406;17419;17562;17614;17615;17620;17629;17630;17643;17650;17651;17652;17658;17662;17675;17678;17871;17875;17876;17885;17886;17899;17907;17914;17918;17931;18126;18127;18131;18141;18142;18155;18162;18163;18164;18170;18174;18186;18187;18238;18270;18334;18366;18378;18398;18410;18415;18429;18430;18442;18443;18446;18450;18451;18456;18462;18466
721,98,16334;16335;16349;16350;16366;16371;16382;16395;16590;16591;16605;16606;16622;16634;16846;16847;16861;16862;16882;16883;16894;16907;17090;17103;17114;17117;17130;17131;17138;17140;17146;17150;17163;17168;17358;17373;17374;17390;17394;17396;17402;17406;17419;17562;17614;17615;17620;17629;17630;17643;17650;17651;17652;17658;17662;17675;17678;17871;17875;17876;17885;17886;17899;17907;17914;17918;17931;18126;18127;18131;18141;18142;18155;18162;18163;18164;18170;18174;18186;18187;18238;18270;18334;18366;18378;18398;18410;18415;18429;18430;18442;18443;18446;18450;18451;18456;18462;18466
722,98,16334;16335;16349;16350;16366;16371;16382;16395;16590;16591;16605;16606;16622;16634;16846;16847;16861;16862;16882;16883;16894;16907;17090;17103;17114;17117;17130;17131;17138;17140;17146;17150;17163;17168;17358;17373;17374;17390;17394;17396;17402;17406;17419;17562;17614;17615;17620;17629;17630;17643;17650;17651;17652;17658;17662;17675;17678;17871;17875;17876;17885;17886;17899;17907;17914;17918;17931;18126;18127;18131;18141;18142;18155;18162;18163;18164;18170;18174;18186;18187;18238;18270;18334;18366;18378;18398;18410;18415;18429;18430;18442;18443;18446;18450;18451;18456;18462;18466
723,98,16334;16335;16349;16350;16366;16371;16382;16395;16590;16591;16605;16606;16622;16634;16846;16847;16861;16862;16882;16883;16894;16907;17090;17103;17114;17117;17130;17131;17138;17140;17146;17150;17163;17168;17358;17373;17374;17390;17394;17396;17402;17406;17419;17562;17614;17615;17620;17629;17630;17643;17650;17651;17652;17658;17662;17675;17678;17871;17875;17876;17885;17886;17899;17907;17914;17918;17931;18126;18127;18131;18141;18142;18155;18162;18163;18164;18170;18174;18186;18187;18238;18270;18334;18366;18378;18398;18410;18415;18429;18430;18442;18443;18446;18450;18451;18456;18462;18466
724,98,16334;16335;16349;16350;16366;16371;16382;16395;16590;16591;16605;16606;16622;16634;16846;16847;16861;16862;16882;16883;16894;16907;17090;17103;17114;17117;17130;17131;17138;17140;17146;17150;17163;17168;17358;17373;17374;17390;17394;17396;17402;17406;17419;17562;17614;17615;17620;17629;17630;17643;17650;17651;17652;17658;17662;17675;17678;17871;17875;17876;17885;17886;17899;17907;17914;17918;17931;18126;18127;18131;18141;18142;18155;18162;18163;18164;18170;18174;18186;18187;18238;18270;18334;18366;18378;18398;18410;18415;18429;18430;18442;18443;18446;18450;18451;18456;18462;18466
725,98,16334;16335;16349;16350;16366;16371;16382;16395;16590;16591;16605;16606;16622;16634;16846;16847;16861;16862;16882;16883;16894;16907;17090;17103;17114;17117;17130;17131;17138;17140;17146;17150;17163;17168;17358;17373;17374;17390;17394;17396;17402;17406;17419;17562;17614;17615;17620;17629;17630;17643;17650;17651;17652;17658;17662;17675;17678;17871;17875;17876;17885;17886;17899;17907;17914;17918;17931;18126;18127;18131;18141;18142;18155;18162;18163;18164;18170;18174;18186;18187;18238;18270;18334;18366;18378;18398;18410;18415;18429;18430;18442;18443;18446;18450;18451;18456;18462;18466
726,98,16334;16335;16349;16350;16366;16371;16382;16395;16590;16591;16605;16606;16622;16634;16846;16847;16861;16862;16882;16883;16894;16907;17090;17103;17114;17117;17130;17131;17138;17140;17146;17150;17163;17168;17358;17373;17374;17390;17394;17396;17402;17406;17419;17562;17614;17615;17620;17629;17630;17643;17650;17651;17652;17658;17662;17675;17678;17871;17875;17876;17885;17886;17899;17907;17914;17918;17931;18126;18127;18131;18141;18142;18155;18162;18163;18164;18170;18174;18186;18187;18238;18270;18334;18366;18378;18398;18410;18415;18429;18430;18442;18443;18446;18450;18451;18456;18462;18466
727,98,16334;16335;16349;16350;16366;16371;16382;16395;16590;16591;16605;16606;16622;16634;16846;16847;16861;16862;16882;16883;16894;16907;17090;17103;17114;17117;17130;17131;17138;17140;17146;17150;17163;17168;17358;17373;17374;17390;17394;17396;17402;17406;17419;17562;17614;17615;17620;17629;17630;17643;17650;17651;17652;17658;17662;17675;17678;17871;17875;17876;17885;17886;17899;17907;17914;17918;17931;18126;18127;18131;18141;18142;18155;18162;18163;18164;18170;18174;18186;18187;18238;18270;18334;18366;18378;18398;18410;18415;18429;18430;18442;18443;18446;18450;18451;18456;18462;18466
728,98,16334;16335;16349;16350;16366;16371;16382;16395;16590;16591;16605;16606;16622;16634;16846;16847;16861;16862;16882;16883;16894;16907;17090;17103;17114;17117;17130;17131;17138;17140;17146;17150;17163;17168;17358;17373;17374;17390;17394;17396;17402;17406;17419;17562;17614;17615;17620;17629;17630;17643;17650;17651;17652;17658;17662;17675;17678;17871;17875;17876;17885;17886;17899;17907;17914;17918;17931;18126;18127;18131;18141;18142;18155;18162;18163;18164;18170;18174;18186;18187;18238;18270;18334;18366;18378;18398;18410;18415;18429;18430;18442;18443;18446;18450;18451;18456;18462;18466
729,98,16334;16335;16349;16350;16366;16371;16382;16395;16590;16591;16605;16606;16622;16634;16846;16847;16861;16862;16882;16883;16894;16907;17090;17103;17114;17117;17130;17131;17138;17140;17146;17150;17163;17168;17358;17373;17374;17390;17394;17396;17402;17406;17419;17562;17614;17615;17620;17629;17630;17643;17650;17651;17652;17658;17662;17675;17678;17871;17875;17876;17885;17886;17899;17907;17914;17918;17931;18126;18127;18131;18141;18142;18155;18162;18163;18164;18170;18174;18186;18187;18238;18270;18334;18366;18378;18398;18410;18415;18429;18430;18442;18443;18446;18450;18451;18456;18462;18466
730,98,16334;16335;16349;16350;16366;16371;16382;16395;16590;16591;16605;16606;16622;16634;16846;16847;16861;16862;16882;16883;16894;16907;17090;17103;17114;17117;17130;17131;17138;17140;17146;17150;17163;17168;17358;17373;17374;17390;17394;17396;17402;17406;17419;17562;17614;17615;17620;17629;17630;17643;17650;17651;17652;17658;17662;17675;17678;17871;17875;17876;17885;17886;17899;17907;17914;17918;17931;18126;18127;18131;18141;18142;18155;18162;18163;18164;18170;18174;18186;18187;18238;18270;18334;18366;18378;18398;18410;18415;18429;18430;18442;18443;18446;18450;18451;18456;18462;18466
731,98,16334;16335;16349;16350;16366;16371;16382;16395;16590;16591;16605;16606;16622;16634;16846;16847;16861;16862;16882;16883;16894;16907;17090;17103;17114;17117;17130;17131;17138;17140;17146;17150;17163;17168;17358;17373;17374;17390;17394;17396;17402;17406;17419;17562;17614;17615;17620;17629;17630;17643;17650;17651;17652;17658;17662;17675;17678;17871;17875;17876;17885;17886;17899;17907;17914;17918;17931;18126;18127;18131;18141;18142;18155;18162;18163;18164;18170;18174;18186;18187;18238;18270;18334;18366;18378;18398;18410;18415;18429;18430;18442;18443;18446;18450;18451;18456;18462;18466
732,98,16334;16335;16349;16350;16366;16371;16382;16395;16590;16591;16605;16606;16622;16634;16846;16847;16861;16862;16882;16883;16894;16907;17090;17103;17114;17117;17130;17131;17138;17140;17146;17150;17163;17168;17358;17373;17374;17390;17394;17396;17402;17406;17419;17562;17614;17615;17620;17629;17630;17643;17650;17651;17652;17658;17662;17675;17678;17871;17875;17876;17885;17886;17899;17907;17914;17918;17931;18126;18127;18131;18141;18142;18155;18162;18163;18164;18170;18174;18186;18187;18238;18270;18334;18366;18378;18398;18410;18415;18429;18430;18442;18443;18446;18450;18451;18456;18462;18466
733,98,16334;16335;16349;16350;16366;16371;16382;16395;16590;16591;16605;16606;16622;16634;16846;16847;16861;16862;16882;16883;16894;16907;17090;17103;17114;17117;17130;17131;17138;17140;17146;17150;17163;17168;17358;17373;17374;17390;17394;17396;17402;17406;17419;17562;17614;17615;17620;17629;17630;17643;17650;17651;17652;17658;17662;17675;17678;17871;17875;17876;17885;17886;17899;17907;17914;17918;17931;18126;18127;18131;18141;18142;18155;18162;18163;18164;18170;18174;18186;18187;18238;18270;18334;18366;18378;18398;18410;18415;18429;18430;18442;18443;18446;18450;18451;18456;18462;18466
734,98,16334;16335;16349;16350;16366;16371;16382;16395;16590;16591;16605;16606;16622;16634;16846;16847;16861;16862;16882;16883;16894;16907;17090;17103;17114;17117;17130;17131;17138;17140;17146;17150;17163;17168;17358;17373;17374;17390;17394;17396;17402;17406;17419;17562;17614;17615;17620;17629;17630;17643;17650;17651;17652;17658;17662;17675;17678;17871;17875;17876;17885;17886;17899;17907;17914;17918;17931;18126;18127;18131;18141;18142;18155;18162;18163;18164;18170;18174;18186;18187;18238;18270;18334;18366;18378;18398;18410;18415;18429;18430;18442;18443;18446;18450;18451;18456;18462;18466
735,102,16334;16335;16349;16350;16366;16371;16382;16395;16590;16591;16605;16606;16622;16634;16846;16847;16861;16862;16882;16883;16894;16907;17090;17103;17114;17117;17130;17131;17138;17140;17146;17150;17163;17168;17358;17373;17374;17390;17394;17396;17402;17406;17419;17562;17614;17615;17620;17629;17630;17643;17650;17651;17652;17658;17662;17675;17678;17871;17875;17876;17885;17886;17899;17907;17914;17918;17931;18126;18127;18131;18141;18142;18155;18162;18163;18164;18170;18174;18186;18187;18212;18238;18244;18247;18270;18276;18334;18366;18378;18398;18410;18415;18429;18430;18442;18443;18446;18450;18451;18456;18462;18466
736,136,16334;16335;16349;16350;16366;16371;16382;16395;16590;16591;16605;16606;16622;16634;16846;16847;16861;16862;16882;16883;16894;16907;17090;17103;17114;17117;17130;17131;17138;17140;17146;17150;17163;17168;17184;17268;17358;17373;17374;17390;17394;17396;17402;17406;17419;17468;17471;17555;17562;17581;17583;17611;17614;17615;17620;17629;17630;17643;17650;17651;17652;17658;17662;17675;17678;17726;17727;17752;17809;17837;17839;17865;17867;17871;17875;17876;17885;17886;17893;17899;17907;17914;17918;17931;17952;18009;18065;18067;18093;18095;18121;18123;18126;18127;18131;18141;18142;18149;18155;18162;18163;18164;18170;18174;18187;18244;18247;18270;18276;18279;18308;18311;18334;18340;18366;18372;18373;18378;18398;18404;18405;18410;18415;18429;18430;18436;18437;18438;18442;18443;18446;18450;18451;18456;18462;18466
737,108,16161;16162;16272;16300;16303;16328;16334;16335;16349;16350;16366;16371;16382;16395;16474;16500;16503;16528;16530;16531;16556;16559;16584;16585;16586;16587;16590;16591;16605;16606;16612;16613;16622;16634;16672;16673;16758;16784;16787;16812;16813;16814;16815;16840;16841;16842;16843;16846;16847;16861;16862;16868;16869;16882;16883;16894;16907;16984;17042;17068;17071;17090;17096;17097;17098;17099;17103;17114;17117;17124;17125;17130;17131;17138;17140;17146;17150;17268;17324;17327;17352;17353;17354;17355;17358;17373;17374;17381;17390;17394;17396;17402;17406;17581;17609;17611;17615;17620;17629;17630;17637;17643;17650;17651;17652;17658;17662;17907
738,21,16272;16300;16301;16302;16303;16328;16329;16330;16331;16335;16349;16350;16356;16357;16359;16366;16371;16382;16586;16613;16622
739,0,
740,0,
741,0,
742,0,
743,0,
744,0,
745,0,
746,0,
747,0,
748,0,
749,0,
750,0,
751,0,
752,0,
753,0,
754,0,
755,0,
756,0,
757,0,
758,0,
759,0,
760,0,
